bowlertype,host_x,host_y,f_run_factor,f_wkt_factor,run_factor_a2h_rev,wkt_factor_a2h_rev
seam,Australia,Australia,1.0,1.0,0.9907867965100212,1.008371270600028
seam,Australia,Bangladesh,1.0457661221910717,0.9730772220009959,1.0338871394302898,0.9908474660281359
seam,Australia,China,1.0001395485891267,0.9809430216638738,1.0081215084880886,1.0087586510068054
seam,Australia,England,0.9991124562428922,0.9692662969309093,0.9913615199178883,1.0011522354401527
seam,Australia,Ghana,0.9972131339067558,0.9707478061266784,0.998413876206192,0.9896357760280258
seam,Australia,India,1.0077256923219065,1.0237206128825707,0.9986957108525775,1.0192556236990342
seam,Australia,Ireland,1.00475710361741,0.8969178589963066,1.0144903735879418,0.8425329334523849
seam,Australia,Namibia,0.9906961055404214,0.9949813761976927,0.9768929266095063,1.046025182443246
seam,Australia,Nepal,1.0430831836949215,0.9674038265497416,1.0670292179157101,0.9179129799459311
seam,Australia,Netherlands,1.0175641065593926,0.9884834850668867,1.0360195622565551,1.0470870968825925
seam,Australia,New Zealand,0.996371679387182,0.9873448002458703,0.9978366506731261,0.965452245898266
seam,Australia,Oman,1.0005455910853103,1.005620230347159,0.9578680355203469,1.0261251899905373
seam,Australia,Pakistan,1.0075938678521053,0.9874532918886846,0.9896872015770026,0.9844212702619829
seam,Australia,Scotland,1.0141641899023108,0.9582623860360192,1.0380583166694959,0.9466457379679639
seam,Australia,Singapore,1.0139948312246312,0.9903642786734004,0.9947040762043423,0.9665498029062023
seam,Australia,South Africa,1.0032578270048644,0.9951025055350925,1.0002770710253932,1.007950069506295
seam,Australia,Sri Lanka,1.0272319604208915,1.0234748291778493,1.008235085970397,1.0378077430822068
seam,Australia,United Arab Emirates,1.0099594997100156,1.0239285242534022,0.9981974870029668,1.0298988755693232
seam,Australia,United States of America,1.0063326203621832,1.0123270668828273,0.9908249410642528,1.0136879099500733
seam,Australia,West Indies,1.0157607648032831,0.9859692473351803,1.0041673348286493,0.9848568592532554
seam,Australia,Zimbabwe,0.9920806380596616,0.9533171341032872,0.9733885344968741,0.9504840347993123
seam,Bangladesh,Australia,0.9562389972546858,1.0277168640876442,0.9907867965100212,1.008371270600028
seam,Bangladesh,Bangladesh,1.0,1.0,1.0338871394302898,0.9908474660281359
seam,Bangladesh,China,0.9748675341896038,0.999289782267125,1.0081215084880886,1.0087586510068054
seam,Bangladesh,England,0.9583296714145068,1.028562653123899,0.9913615199178883,1.0011522354401527
seam,Bangladesh,India,0.9562140446612073,1.050936776558804,0.9986957108525775,1.0192556236990342
seam,Bangladesh,Ireland,0.9675160928373794,0.9217255530452401,1.0144903735879418,0.8425329334523849
seam,Bangladesh,Namibia,0.9632361771269204,1.010663808133057,0.9768929266095063,1.046025182443246
seam,Bangladesh,Nepal,1.004353070120896,0.9802779726848486,1.0670292179157101,0.9179129799459311
seam,Bangladesh,Netherlands,0.9770313002555527,1.0185421374910886,1.0360195622565551,1.0470870968825925
seam,Bangladesh,New Zealand,0.9711533343623452,0.9768562946496561,0.9978366506731261,0.965452245898266
seam,Bangladesh,Oman,0.9623478597423039,1.024380302962886,0.9578680355203469,1.0261251899905373
seam,Bangladesh,Pakistan,0.9772725322981675,0.9695893198214308,0.9896872015770026,0.9844212702619829
seam,Bangladesh,Scotland,0.9784109229764274,0.9740318257708006,1.0380583166694959,0.9466457379679639
seam,Bangladesh,Singapore,0.981723592207833,0.9985869307325586,0.9947040762043423,0.9665498029062023
seam,Bangladesh,South Africa,0.9624871911146204,0.9816249391575225,1.0002770710253932,1.007950069506295
seam,Bangladesh,Sri Lanka,0.9702379408872349,1.0400902918505461,1.008235085970397,1.0378077430822068
seam,Bangladesh,United Arab Emirates,0.9755252393121349,1.0398933198700024,0.9981974870029668,1.0298988755693232
seam,Bangladesh,United States of America,0.9621827706710512,0.9994597662255685,0.9908249410642528,1.0136879099500733
seam,Bangladesh,West Indies,0.9762842708122527,1.0044758268915264,1.0041673348286493,0.9848568592532554
seam,Bangladesh,Zimbabwe,0.9557386192940073,0.9570196466619977,0.9733885344968741,0.9504840347993123
seam,China,Australia,1.0005110530113945,1.017508187371602,0.9907867965100212,1.008371270600028
seam,China,Bangladesh,1.0218689084022943,0.9956007139633148,1.0338871394302898,0.9908474660281359
seam,China,China,1.0,1.0,1.0081215084880886,1.0087586510068054
seam,China,England,0.9967143525551877,0.9891778286109799,0.9913615199178883,1.0011522354401527
seam,China,India,1.0008668884778926,1.011773277221957,0.9986957108525775,1.0192556236990342
seam,China,Ireland,1.011246710675672,0.8791814779815654,1.0144903735879418,0.8425329334523849
seam,China,Nepal,1.032602830156465,0.9745940739242908,1.0670292179157101,0.9179129799459311
seam,China,New Zealand,0.991164431049444,0.9892763098579623,0.9978366506731261,0.965452245898266
seam,China,Oman,0.9789333854881708,1.0053498629857056,0.9578680355203469,1.0261251899905373
seam,China,Pakistan,0.9861684826912778,1.0045771219100361,0.9896872015770026,0.9844212702619829
seam,China,Singapore,0.9993044493475475,0.9892342761486081,0.9947040762043423,0.9665498029062023
seam,China,South Africa,0.9972139253756555,1.0247763197913518,1.0002770710253932,1.007950069506295
seam,China,Sri Lanka,1.0012301504733383,1.0058761007723571,1.008235085970397,1.0378077430822068
seam,China,United Arab Emirates,0.9975348308423481,1.0081339955766224,0.9981974870029668,1.0298988755693232
seam,China,United States of America,0.9915870688680375,1.0312351716341195,0.9908249410642528,1.0136879099500733
seam,China,West Indies,0.9996288678540588,1.0026967711508508,1.0041673348286493,0.9848568592532554
seam,China,Zimbabwe,0.9764559971161404,0.9806353827398393,0.9733885344968741,0.9504840347993123
seam,England,Australia,1.000889411213741,1.032009796718711,0.9907867965100212,1.008371270600028
seam,England,Bangladesh,1.0434824128755562,0.9723834700810953,1.0338871394302898,0.9908474660281359
seam,England,China,1.003676237746261,1.0096436980732655,1.0081215084880886,1.0087586510068054
seam,England,England,1.0,1.0,0.9913615199178883,1.0011522354401527
seam,England,India,1.0093829629694873,1.0354333475802815,0.9986957108525775,1.0192556236990342
seam,England,Ireland,1.014652659462303,0.9185810312712213,1.0144903735879418,0.8425329334523849
seam,England,Namibia,0.9929396903352307,1.0200790835390283,0.9768929266095063,1.046025182443246
seam,England,Nepal,1.0347698548774913,0.9533016556231244,1.0670292179157101,0.9179129799459311
seam,England,Netherlands,1.0143756031454243,1.0155594920478956,1.0360195622565551,1.0470870968825925
seam,England,New Zealand,0.9984306440236633,0.9791125565518328,0.9978366506731261,0.965452245898266
seam,England,Oman,0.9931524604116504,0.9878285974522508,0.9578680355203469,1.0261251899905373
seam,England,Pakistan,0.9907153269863919,1.0145649267322745,0.9896872015770026,0.9844212702619829
seam,England,Scotland,1.0153521599420952,0.9826109312920056,1.0380583166694959,0.9466457379679639
seam,England,South Africa,1.0053709999379745,1.011376071988584,1.0002770710253932,1.007950069506295
seam,England,Sri Lanka,1.0051933893627314,0.9818522124384105,1.008235085970397,1.0378077430822068
seam,England,United Arab Emirates,1.0130284221961767,1.0010375946804064,0.9981974870029668,1.0298988755693232
seam,England,United States of America,1.0089410499464153,0.9938829564343411,0.9908249410642528,1.0136879099500733
seam,England,West Indies,1.017940651154383,0.9776642767644161,1.0041673348286493,0.9848568592532554
seam,England,Zimbabwe,0.9870744380761667,0.983030664380126,0.9733885344968741,0.9504840347993123
seam,Ghana,Australia,1.0034978692739964,1.0465109432125452,0.9907867965100212,1.008371270600028
seam,Ghana,Ghana,1.0,1.0,0.9984138762061919,0.9896357760280258
seam,Ghana,Namibia,0.9955722590541761,1.0490450673465515,0.9768929266095063,1.046025182443246
seam,Ghana,Nepal,1.0287964147475244,1.009097494521985,1.0670292179157101,0.9179129799459311
seam,Ghana,United Arab Emirates,1.005438662333324,1.02545916435462,0.9981974870029668,1.0298988755693232
seam,Ghana,West Indies,1.0086684059167632,1.0162789564443422,1.0041673348286493,0.9848568592532554
seam,Ghana,Zimbabwe,0.9810739508825789,1.0040819284944436,0.9733885344968741,0.9504840347993123
seam,India,Australia,0.9923335686248658,0.9769073926650798,0.9907867965100212,1.008371270600028
seam,India,Bangladesh,1.0458450250551452,0.9517479277955108,1.0338871394302898,0.9908474660281359
seam,India,China,0.9993050909244628,0.9893652332344844,1.0081215084880886,1.0087586510068054
seam,India,England,0.9907061759339966,0.9659159691960945,0.9913615199178883,1.0011522354401527
seam,India,India,1.0,1.0,0.9986957108525774,1.0192556236990342
seam,India,Ireland,1.0022027613953208,0.9349446299163273,1.0144903735879418,0.8425329334523849
seam,India,Namibia,0.9868336949902,0.9963345596820297,0.9768929266095063,1.046025182443246
seam,India,Nepal,1.0328763646039036,0.9683500932343508,1.0670292179157101,0.9179129799459311
seam,India,Netherlands,1.0112256903128232,0.994805250854179,1.0360195622565551,1.0470870968825925
seam,India,New Zealand,0.987802634895197,0.9722685295449329,0.9978366506731261,0.965452245898266
seam,India,Oman,0.9940199077886289,1.000053158060853,0.9578680355203469,1.0261251899905373
seam,India,Pakistan,0.9808527782351878,1.0074530170843585,0.9896872015770026,0.9844212702619829
seam,India,Scotland,1.0076171947279222,0.9860654973628851,1.0380583166694959,0.9466457379679639
seam,India,Singapore,1.0043060327227378,0.9873609717928048,0.9947040762043423,0.9665498029062023
seam,India,South Africa,1.0052189652983474,0.9716109638415403,1.0002770710253932,1.007950069506295
seam,India,Sri Lanka,1.0281201517633096,1.0223258126063435,1.008235085970397,1.0378077430822068
seam,India,United Arab Emirates,0.995779340621214,1.0164404605870232,0.9981974870029668,1.0298988755693232
seam,India,United States of America,0.9966754365588736,0.9967311300297009,0.9908249410642528,1.0136879099500733
seam,India,West Indies,1.0043710449723113,0.9478638615198524,1.0041673348286493,0.9848568592532554
seam,India,Zimbabwe,0.9900866031786325,0.9808541472542456,0.9733885344968741,0.9504840347993123
seam,Ireland,Australia,0.9830999868817692,1.2199562651318763,0.9907867965100212,1.008371270600028
seam,Ireland,Bangladesh,1.0159408142939605,1.1772629112241253,1.0338871394302898,0.9908474660281359
seam,Ireland,China,0.9885267863440895,1.1553947104247253,1.0081215084880886,1.0087586510068054
seam,Ireland,England,0.9755672286007346,1.215057758844505,0.9913615199178883,1.0011522354401527
seam,Ireland,India,0.9979020252037948,1.0776949261791469,0.9986957108525775,1.0192556236990342
seam,Ireland,Ireland,1.0,1.0,1.0144903735879418,0.842532933452385
seam,Ireland,Namibia,0.9771755638661824,1.2026379811249173,0.9768929266095063,1.046025182443246
seam,Ireland,Nepal,1.027453106918464,1.0920834047970807,1.0670292179157101,0.9179129799459311
seam,Ireland,Netherlands,0.9976631806523087,1.2066662676479505,1.0360195622565551,1.0470870968825925
seam,Ireland,New Zealand,0.9789131371684987,1.1886744779802365,0.9978366506731261,0.965452245898266
seam,Ireland,Oman,0.9760221820098728,1.1487627215680285,0.9578680355203469,1.0261251899905373
seam,Ireland,Pakistan,0.9840743682822602,1.1781965984424863,0.9896872015770026,0.9844212702619829
seam,Ireland,Scotland,1.000648693154538,1.1574523842734805,1.0380583166694959,0.9466457379679639
seam,Ireland,Singapore,0.9975213907228887,1.1029905459883227,0.9947040762043423,0.9665498029062023
seam,Ireland,South Africa,0.9774850662420702,1.2151661989229734,1.0002770710253932,1.007950069506295
seam,Ireland,Sri Lanka,0.9985414751037642,1.2040317859444283,1.008235085970397,1.0378077430822068
seam,Ireland,United Arab Emirates,0.9945774307261922,1.1852012709801674,0.9981974870029668,1.0298988755693232
seam,Ireland,United States of America,0.9831825902712897,1.117843949634286,0.9908249410642528,1.0136879099500733
seam,Ireland,West Indies,0.9940283916820728,1.1003543675454794,1.0041673348286493,0.9848568592532554
seam,Ireland,Zimbabwe,0.9687103133034917,1.1889053307481128,0.9733885344968741,0.9504840347993123
seam,Namibia,Australia,1.0143328372873508,0.9850524565238734,0.9907867965100212,1.008371270600028
seam,Namibia,Bangladesh,1.0453363470165016,0.9850713177916074,1.0338871394302898,0.9908474660281359
seam,Namibia,England,1.0123977255025431,0.9624435335073924,0.9913615199178883,1.0011522354401527
seam,Namibia,Ghana,1.004900086403665,0.9688216012981261,0.998413876206192,0.9896357760280258
seam,Namibia,India,1.0147607270240704,1.006933986698659,0.9986957108525775,1.0192556236990342
seam,Namibia,Ireland,1.02715398316941,0.8465703355742562,1.0144903735879418,0.8425329334523849
seam,Namibia,Namibia,1.0,1.0,0.9768929266095062,1.046025182443246
seam,Namibia,Nepal,1.0602894719561788,0.96471669590898,1.0670292179157101,0.9179129799459311
seam,Namibia,Netherlands,1.027129141650124,0.9693542037426307,1.0360195622565551,1.0470870968825925
seam,Namibia,Pakistan,1.0083727736950447,0.9932018035940476,0.9896872015770026,0.9844212702619829
seam,Namibia,Scotland,1.0271898254117804,0.9451645732803785,1.0380583166694959,0.9466457379679639
seam,Namibia,Singapore,1.0148399104828003,0.9836081792744076,0.9947040762043423,0.9665498029062023
seam,Namibia,South Africa,1.0127001202004544,inf,1.0002770710253932,1.007950069506295
seam,Namibia,Sri Lanka,1.024178296777542,0.993926292364049,1.008235085970397,1.0378077430822068
seam,Namibia,United Arab Emirates,1.021664400996329,0.9948033308749388,0.9981974870029668,1.0298988755693232
seam,Namibia,United States of America,1.0091712149392418,1.027633111202085,0.9908249410642528,1.0136879099500733
seam,Namibia,West Indies,1.0196821782882315,0.9948045453548371,1.0041673348286493,0.9848568592532554
seam,Namibia,Zimbabwe,0.9934894874437701,0.9490067348740933,0.9733885344968741,0.9504840347993123
seam,Nepal,Australia,0.9478063452129198,1.0580351698033237,0.9907867965100212,1.008371270600028
seam,Nepal,Bangladesh,0.9861170833273148,inf,1.0338871394302898,0.9908474660281359
seam,Nepal,China,0.9702577259131978,1.0349165919979904,1.0081215084880886,1.0087586510068054
seam,Nepal,England,0.9542728195486188,1.0707337946935993,0.9913615199178883,1.0011522354401527
seam,Nepal,Ghana,0.975000613874033,0.9978951565055622,0.998413876206192,0.9896357760280258
seam,Nepal,India,0.9727529415363994,1.0507408222614425,0.9986957108525775,1.0192556236990342
seam,Nepal,Ireland,0.9638336939833761,0.9516693457500018,1.0144903735879418,0.8425329334523849
seam,Nepal,Namibia,0.9506555469171195,1.054386515202057,0.9768929266095063,1.046025182443246
seam,Nepal,Nepal,1.0,1.0,1.0670292179157101,0.9179129799459311
seam,Nepal,Netherlands,0.9690654593434266,1.0853357302238902,1.0360195622565551,1.0470870968825925
seam,Nepal,Oman,0.9519513126117634,1.0888683933987744,0.9578680355203469,1.0261251899905373
seam,Nepal,Scotland,0.9750970113736793,1.006144956813029,1.0380583166694959,0.9466457379679639
seam,Nepal,Singapore,0.9796362377355167,0.9992486188295496,0.9947040762043423,0.9665498029062023
seam,Nepal,Sri Lanka,0.9687443960805343,1.1256802731974342,1.008235085970397,1.0378077430822068
seam,Nepal,United Arab Emirates,0.9591325980157617,1.0774170143387254,0.9981974870029668,1.0298988755693232
seam,Nepal,United States of America,0.9531852940975156,1.0897297468893086,0.9908249410642528,1.0136879099500733
seam,Nepal,West Indies,0.9724411330275463,1.0872875218443434,1.0041673348286493,0.9848568592532554
seam,Nepal,Zimbabwe,0.9411327851454162,0.9753251732712407,0.9733885344968741,0.9504840347993123
seam,Netherlands,Australia,0.973008485479343,1.0002300458601288,0.9907867965100212,1.008371270600028
seam,Netherlands,Bangladesh,1.0104987945562909,0.9585836953188834,1.0338871394302898,0.9908474660281359
seam,Netherlands,England,0.9771017011798545,0.9861823192874848,0.9913615199178883,1.0011522354401527
seam,Netherlands,India,0.9895268023985819,1.005889621154309,0.9986957108525775,1.0192556236990342
seam,Netherlands,Ireland,0.9881292369236659,0.8790312937328671,1.0144903735879418,0.8425329334523849
seam,Netherlands,Namibia,0.9762533047708116,1.027569261771881,0.9768929266095063,1.046025182443246
seam,Netherlands,Nepal,1.0305854235526921,0.9358265078652663,1.0670292179157101,0.9179129799459311
seam,Netherlands,Netherlands,1.0,1.0,1.0360195622565551,1.0470870968825925
seam,Netherlands,New Zealand,0.975082167208598,0.9681084876433158,0.9978366506731261,0.965452245898266
seam,Netherlands,Oman,0.9588296556563711,0.9779176088859369,0.9578680355203469,1.0261251899905373
seam,Netherlands,Pakistan,0.9699398842226832,0.9706988204258806,0.9896872015770026,0.9844212702619829
seam,Netherlands,Scotland,0.9978139121252253,0.9608059407733149,1.0380583166694959,0.9466457379679639
seam,Netherlands,Singapore,0.9936633089667182,inf,0.9947040762043423,0.9665498029062023
seam,Netherlands,South Africa,0.976159129938187,1.0020132713124756,1.0002770710253932,1.007950069506295
seam,Netherlands,Sri Lanka,0.9875015109957097,0.9778700814996387,1.008235085970397,1.0378077430822068
seam,Netherlands,United Arab Emirates,0.9825268777838247,0.9725216653806106,0.9981974870029668,1.0298988755693232
seam,Netherlands,United States of America,0.9790515304948535,1.0163073111309493,0.9908249410642528,1.0136879099500733
seam,Netherlands,West Indies,0.9936679774945665,0.9731168103556437,1.0041673348286493,0.9848568592532554
seam,Netherlands,Zimbabwe,0.955670231895609,0.960009317167783,0.9733885344968741,0.9504840347993123
seam,New Zealand,Australia,1.0056767706725198,1.0052430345013323,0.9907867965100212,1.008371270600028
seam,New Zealand,Bangladesh,1.0131489437288501,1.033315499329651,1.0338871394302898,0.9908474660281359
seam,New Zealand,China,1.0096307003824354,1.0098620392486994,1.0081215084880886,1.0087586510068054
seam,New Zealand,England,1.0016046579356999,1.0214501630640758,0.9913615199178883,1.0011522354401527
seam,New Zealand,India,1.0124344316355907,1.028881222818436,0.9986957108525775,1.0192556236990342
seam,New Zealand,Ireland,1.0141833195043073,0.9553051107413468,1.0144903735879418,0.8425329334523849
seam,New Zealand,Netherlands,1.0179597991145761,1.0348322353304484,1.0360195622565551,1.0470870968825925
seam,New Zealand,New Zealand,1.0,1.0,0.9978366506731261,0.965452245898266
seam,New Zealand,Oman,0.9828881914772905,1.0428640817046342,0.9578680355203469,1.0261251899905373
seam,New Zealand,Pakistan,0.9857201205922435,1.0252577658579853,0.9896872015770026,0.9844212702619829
seam,New Zealand,Scotland,1.020799970263793,0.9961896737427578,1.0380583166694959,0.9466457379679639
seam,New Zealand,South Africa,1.0043309275628671,1.0398430203343354,1.0002770710253932,1.007950069506295
seam,New Zealand,Sri Lanka,1.0012575439262186,1.061086337544489,1.008235085970397,1.0378077430822068
seam,New Zealand,United Arab Emirates,0.9947094715394208,1.041463865871412,0.9981974870029668,1.0298988755693232
seam,New Zealand,United States of America,0.9835274205572055,1.1162734789121125,0.9908249410642528,1.0136879099500733
seam,New Zealand,West Indies,1.0012837355604078,1.0704840971143164,1.0041673348286493,0.9848568592532554
seam,New Zealand,Zimbabwe,0.9981501738498348,1.0044023227228895,0.9733885344968741,0.9504840347993123
seam,Oman,Australia,1.0231116842192878,0.9962301823368817,0.9907867965100212,1.008371270600028
seam,Oman,Bangladesh,1.049258550769278,0.9634751229628571,1.0338871394302898,0.9908474660281359
seam,Oman,China,1.0240039416857958,0.995614701650425,1.0081215084880886,1.0087586510068054
seam,Oman,England,1.0281479267002374,1.01086154759485,0.9913615199178883,1.0011522354401527
seam,Oman,India,1.0070142600659484,1.0006161489002383,0.9986957108525775,1.0192556236990342
seam,Oman,Ireland,1.0383360891495836,0.9077481982637807,1.0144903735879418,0.8425329334523849
seam,Oman,Nepal,1.0576100940415334,0.9348503146403363,1.0670292179157101,0.9179129799459311
seam,Oman,Netherlands,1.0472569294985006,1.016735850082269,1.0360195622565551,1.0470870968825925
seam,Oman,New Zealand,1.0350363060788317,0.9691080804251998,0.9978366506731261,0.965452245898266
seam,Oman,Oman,1.0,1.0,0.9578680355203468,1.0261251899905373
seam,Oman,Pakistan,1.0212326584435303,0.9465658815455921,0.9896872015770026,0.9844212702619829
seam,Oman,Scotland,1.0544787494640324,0.9482931843083771,1.0380583166694959,0.9466457379679639
seam,Oman,Singapore,1.009934065703771,0.96002548773372,0.9947040762043423,0.9665498029062023
seam,Oman,South Africa,1.0320679388419791,0.9967501705658647,1.0002770710253932,1.007950069506295
seam,Oman,Sri Lanka,1.025777437699755,1.0001542824773961,1.008235085970397,1.0378077430822068
seam,Oman,United Arab Emirates,1.0249901787954163,1.0065449346241628,0.9981974870029668,1.0298988755693232
seam,Oman,United States of America,0.9992474866963694,0.9703944187441964,0.9908249410642528,1.0136879099500733
seam,Oman,West Indies,1.0179344804065709,0.9771690451027176,1.0041673348286493,0.9848568592532554
seam,Oman,Zimbabwe,1.0163715516390837,0.9288569365378959,0.9733885344968741,0.9504840347993123
seam,Pakistan,Australia,0.9976434603530354,1.0096955523565818,0.9907867965100212,1.008371270600028
seam,Pakistan,Bangladesh,1.0234730773006895,1.0316747518092224,1.0338871394302898,0.9908474660281359
seam,Pakistan,China,1.0128297174736387,0.9905647146984556,1.0081215084880886,1.0087586510068054
seam,Pakistan,England,1.0094012401345054,0.9861200767309984,0.9913615199178883,1.0011522354401527
seam,Pakistan,India,1.0200615827267028,0.9937582042812031,0.9986957108525775,1.0192556236990342
seam,Pakistan,Ireland,1.021380934386493,0.9216135223047018,1.0144903735879418,0.8425329334523849
seam,Pakistan,Namibia,1.00151313700031,1.0022020980424295,0.9768929266095063,1.046025182443246
seam,Pakistan,Netherlands,1.0266793599922246,1.0032196618483333,1.0360195622565551,1.0470870968825925
seam,Pakistan,New Zealand,1.0172616295556205,0.9799308386112046,0.9978366506731261,0.965452245898266
seam,Pakistan,Oman,0.9915410746650734,1.049178869770632,0.9578680355203469,1.0261251899905373
seam,Pakistan,Pakistan,1.0,1.0,0.9896872015770026,0.984421270261983
seam,Pakistan,Scotland,1.028105132424983,0.9673212374288553,1.0380583166694959,0.9466457379679639
seam,Pakistan,Singapore,1.0022415421986424,1.028181650608986,0.9947040762043423,0.9665498029062023
seam,Pakistan,South Africa,1.0139825376188696,0.9938899921983159,1.0002770710253932,1.007950069506295
seam,Pakistan,Sri Lanka,1.0151000554355376,1.0790021629436897,1.008235085970397,1.0378077430822068
seam,Pakistan,United Arab Emirates,1.0014932015099043,1.052935463212978,0.9981974870029668,1.0298988755693232
seam,Pakistan,United States of America,0.9902996844419616,1.037013633529502,0.9908249410642528,1.0136879099500733
seam,Pakistan,West Indies,1.0099939702701135,1.0236808918796063,1.0041673348286493,0.9848568592532554
seam,Pakistan,Zimbabwe,0.9962621432902562,0.9790591928195335,0.9733885344968741,0.9504840347993123
seam,Scotland,Australia,0.9770438942686074,1.0487190500267909,0.9907867965100212,1.008371270600028
seam,Scotland,Bangladesh,1.004087373317745,1.0590743724803409,1.0338871394302898,0.9908474660281359
seam,Scotland,England,0.9765026316880769,1.0358470754675995,0.9913615199178883,1.0011522354401527
seam,Scotland,India,0.9930509941775129,1.0245274922923577,0.9986957108525775,1.0192556236990342
seam,Scotland,Ireland,0.9865306564381663,0.9272858907381537,1.0144903735879418,0.8425329334523849
seam,Scotland,Namibia,0.9761318361886407,1.0615846096652535,0.9768929266095063,1.046025182443246
seam,Scotland,Nepal,1.023869893795126,inf,1.0670292179157101,0.9179129799459311
seam,Scotland,Netherlands,0.994192501131947,1.049397233604546,1.0360195622565551,1.0470870968825925
seam,Scotland,New Zealand,0.9729467652403816,1.0212010635534792,0.9978366506731261,0.965452245898266
seam,Scotland,Oman,0.9514629971481542,1.0740559543485426,0.9578680355203469,1.0261251899905373
seam,Scotland,Pakistan,0.9637051246097691,1.0633035131274546,0.9896872015770026,0.9844212702619829
seam,Scotland,Scotland,1.0,1.0,1.0380583166694959,0.9466457379679638
seam,Scotland,Singapore,0.9881355670435514,1.0283370439710837,0.9947040762043423,0.9665498029062023
seam,Scotland,South Africa,0.977743701176229,1.057614427570235,1.0002770710253932,1.007950069506295
seam,Scotland,Sri Lanka,0.9798691758311727,1.0758769258538559,1.008235085970397,1.0378077430822068
seam,Scotland,United Arab Emirates,0.9773407021819169,1.0847049368800852,0.9981974870029668,1.0298988755693232
seam,Scotland,United States of America,0.9785158861184775,1.061991971010287,0.9908249410642528,1.0136879099500733
seam,Scotland,West Indies,0.9905379499905896,1.031973601183277,1.0041673348286493,0.9848568592532554
seam,Scotland,Zimbabwe,0.9589138416685087,1.0130355128266457,0.9733885344968741,0.9504840347993123
seam,Singapore,Australia,0.9886674018526088,1.020442649156744,0.9907867965100212,1.008371270600028
seam,Singapore,Bangladesh,1.0208021178614257,1.0278218812732278,1.0338871394302898,0.9908474660281359
seam,Singapore,China,1.0013549884746349,1.019779791721331,1.0081215084880886,1.0087586510068054
seam,Singapore,India,0.9966340366597564,1.0201308934055515,0.9986957108525775,1.0192556236990342
seam,Singapore,Ireland,1.0039613114731603,0.9255816096495287,1.0144903735879418,0.8425329334523849
seam,Singapore,Namibia,0.986824243054771,1.033056366037665,0.9768929266095063,1.046025182443246
seam,Singapore,Nepal,1.024434583201327,1.0155178279453334,1.0670292179157101,0.9179129799459311
seam,Singapore,Netherlands,1.0073178271401015,1.0429052220182384,1.0360195622565551,1.0470870968825925
seam,Singapore,Oman,0.9919860391419077,1.0625548496385195,0.9578680355203469,1.0261251899905373
seam,Singapore,Pakistan,1.0001396039184947,1.0012661371205895,0.9896872015770026,0.9844212702619829
seam,Singapore,Scotland,1.013291711563318,0.9859725424920486,1.0380583166694959,0.9466457379679639
seam,Singapore,Singapore,1.0,1.0,0.9947040762043423,0.9665498029062023
seam,Singapore,United Arab Emirates,0.9969346839122927,1.0672483578482495,0.9981974870029668,1.0298988755693232
seam,Singapore,United States of America,0.9831067463633278,1.0206524152347978,0.9908249410642528,1.0136879099500733
seam,Singapore,West Indies,0.9988808710274277,1.0251803010325329,1.0041673348286493,0.9848568592532554
seam,Singapore,Zimbabwe,0.9852713512104442,0.9453051768032426,0.9733885344968741,0.9504840347993123
seam,South Africa,Australia,0.9964441241381029,0.9886955297963071,0.9907867965100212,1.008371270600028
seam,South Africa,Bangladesh,1.0285296352745712,1.022043958241859,1.0338871394302898,0.9908474660281359
seam,South Africa,China,1.0031632938419344,0.9734014760418296,1.0081215084880886,1.0087586510068054
seam,South Africa,England,0.9946641377496256,0.9887620756569535,0.9913615199178883,1.0011522354401527
seam,South Africa,India,0.9948146488917681,1.0293802021568048,0.9986957108525775,1.0192556236990342
seam,South Africa,Ireland,1.011495361936463,0.905411569700192,1.0144903735879418,0.8425329334523849
seam,South Africa,Namibia,0.9928449892693637,0.9849599298779993,0.9768929266095063,1.046025182443246
seam,South Africa,Netherlands,1.014607271801588,0.9841374101279511,1.0360195622565551,1.0470870968825925
seam,South Africa,New Zealand,1.000240421401097,0.9475335429899309,0.9978366506731261,0.965452245898266
seam,South Africa,Oman,0.9879233166425471,1.0146502375486586,0.9578680355203469,1.0261251899905373
seam,South Africa,Pakistan,0.991599817460456,1.0042443368343437,0.9896872015770026,0.9844212702619829
seam,South Africa,Scotland,1.0136524360194963,0.9491600296457633,1.0380583166694959,0.9466457379679639
seam,South Africa,South Africa,1.0,1.0,1.0002770710253932,1.007950069506295
seam,South Africa,Sri Lanka,1.005744179327284,1.0054382504000308,1.008235085970397,1.0378077430822068
seam,South Africa,United Arab Emirates,0.9929166099289617,1.0252358793263425,0.9981974870029668,1.0298988755693232
seam,South Africa,United States of America,1.001317502880226,0.990289396440823,0.9908249410642528,1.0136879099500733
seam,South Africa,West Indies,0.9959996540891612,0.971744054032888,1.0041673348286493,0.9848568592532554
seam,South Africa,Zimbabwe,0.9892267233606242,0.9474745728369457,0.9733885344968741,0.9504840347993123
seam,Sri Lanka,Australia,0.9770466189251276,0.9730978588473325,0.9907867965100212,1.008371270600028
seam,Sri Lanka,Bangladesh,1.0293268696934479,0.9604585312522976,1.0338871394302898,0.9908474660281359
seam,Sri Lanka,China,0.9963899674222416,0.9882786665702016,1.0081215084880886,1.0087586510068054
seam,Sri Lanka,England,0.9960790488162585,1.0122968119059392,0.9913615199178883,1.0011522354401527
seam,Sri Lanka,India,0.9728090647402142,0.9781697196843852,0.9986957108525775,1.0192556236990342
seam,Sri Lanka,Ireland,0.9967743064705138,0.9073235371531326,1.0144903735879418,0.8425329334523849
seam,Sri Lanka,Namibia,0.9850824946385176,1.0001762377257928,0.9768929266095063,1.046025182443246
seam,Sri Lanka,Nepal,1.0238673140947048,0.9087866938417007,1.0670292179157101,0.9179129799459311
seam,Sri Lanka,Netherlands,1.0044025748051137,inf,1.0360195622565551,1.0470870968825925
seam,Sri Lanka,New Zealand,0.9928214788857215,0.9490942791882455,0.9978366506731261,0.965452245898266
seam,Sri Lanka,Oman,0.9872318373951353,0.9818536100484604,0.9578680355203469,1.0261251899905373
seam,Sri Lanka,Pakistan,0.988488492543485,0.9375308509085531,0.9896872015770026,0.9844212702619829
seam,Sri Lanka,Scotland,1.0074070631186818,0.9578154357025596,1.0380583166694959,0.9466457379679639
seam,Sri Lanka,South Africa,0.9923298990231132,0.9945304354755496,1.0002770710253932,1.007950069506295
seam,Sri Lanka,Sri Lanka,1.0,1.0,1.008235085970397,1.0378077430822068
seam,Sri Lanka,United Arab Emirates,0.9882561074618472,1.0048703187071217,0.9981974870029668,1.0298988755693232
seam,Sri Lanka,United States of America,0.9832511206630624,0.9199611814883696,0.9908249410642528,1.0136879099500733
seam,Sri Lanka,West Indies,1.0060593429450542,0.9290287801727123,1.0041673348286493,0.9848568592532554
seam,Sri Lanka,Zimbabwe,0.9874323544727708,0.9456437649018845,0.9733885344968741,0.9504840347993123
seam,United Arab Emirates,Australia,0.9901417023181457,0.9766337726647093,0.9907867965100212,1.008371270600028
seam,United Arab Emirates,Bangladesh,1.0251434328581353,0.9616372064099418,1.0338871394302898,0.9908474660281359
seam,United Arab Emirates,China,1.000397368176186,0.9860414023679898,1.0081215084880886,1.0087586510068054
seam,United Arab Emirates,England,0.987157279706123,0.9993402067994158,0.9913615199178883,1.0011522354401527
seam,United Arab Emirates,Ghana,0.9947633482874273,0.9819116824031863,0.998413876206192,0.9896357760280258
seam,United Arab Emirates,India,1.0042455500964487,0.9838426381530708,0.9986957108525775,1.0192556236990342
seam,United Arab Emirates,Ireland,1.0022608342478998,0.8984313947469724,1.0144903735879418,0.8425329334523849
seam,United Arab Emirates,Namibia,0.9869330555668023,0.9997854375034115,0.9768929266095063,1.046025182443246
seam,United Arab Emirates,Nepal,1.0359835333425467,0.947658759601372,1.0670292179157101,0.9179129799459311
seam,United Arab Emirates,Netherlands,1.0105957324188004,1.0038587644059471,1.0360195622565551,1.0470870968825925
seam,United Arab Emirates,New Zealand,1.0038095579160198,0.9615266195782292,0.9978366506731261,0.965452245898266
seam,United Arab Emirates,Oman,0.9882628518993121,0.9759292935482788,0.9578680355203469,1.0261251899905373
seam,United Arab Emirates,Pakistan,0.9985340697789485,0.9497453332077708,0.9896872015770026,0.9844212702619829
seam,United Arab Emirates,Scotland,1.0112633871598873,0.9474039462240942,1.0380583166694959,0.9466457379679639
seam,United Arab Emirates,Singapore,1.0056655203814302,0.9610518110656664,0.9947040762043423,0.9665498029062023
seam,United Arab Emirates,South Africa,1.0071466822606754,0.9753908590250916,1.0002770710253932,1.007950069506295
seam,United Arab Emirates,Sri Lanka,1.0118851056637066,0.9952306576863608,1.008235085970397,1.0378077430822068
seam,United Arab Emirates,United Arab Emirates,1.0,1.0,0.9981974870029668,1.0298988755693232
seam,United Arab Emirates,United States of America,1.0025848491020446,0.967607459742124,0.9908249410642528,1.0136879099500733
seam,United Arab Emirates,West Indies,1.0042523715389404,0.9698033915654699,1.0041673348286493,0.9848568592532554
seam,United Arab Emirates,Zimbabwe,0.9810726973008009,0.9212046324457669,0.9733885344968741,0.9504840347993123
seam,United States of America,Australia,0.9962195255122529,0.9812719390011999,0.9907867965100212,1.008371270600028
seam,United States of America,Bangladesh,1.0388323193311704,1.0101925615661929,1.0338871394302898,0.9908474660281359
seam,United States of America,China,1.0057506959944322,0.9733076649507607,1.0081215084880886,1.0087586510068054
seam,United States of America,England,0.99633969997882,0.9892690775190672,0.9913615199178883,1.0011522354401527
seam,United States of America,India,1.0033474164421918,1.0034883023011545,0.9986957108525775,1.0192556236990342
seam,United States of America,Ireland,1.0123812191839192,0.9130680833559904,1.0144903735879418,0.8425329334523849
seam,United States of America,Namibia,0.9936502276353677,0.9840732978702386,0.9768929266095063,1.046025182443246
seam,United States of America,Nepal,1.0472542287313669,0.9769046353440957,1.0670292179157101,0.9179129799459311
seam,United States of America,Netherlands,1.0197220572540624,0.9813887886164278,1.0360195622565551,1.0470870968825925
seam,United States of America,New Zealand,1.0129466744222444,0.9254551749434375,0.9978366506731261,0.965452245898266
seam,United States of America,Oman,1.0044811932461253,1.0274293836479147,0.9578680355203469,1.0261251899905373
seam,United States of America,Pakistan,1.0195817074291573,0.9928895382924808,0.9896872015770026,0.9844212702619829
seam,United States of America,Scotland,1.019134075853995,0.9493836335791942,1.0380583166694959,0.9466457379679639
seam,United States of America,Singapore,1.0163258090322376,1.0032526806026276,0.9947040762043423,0.9665498029062023
seam,United States of America,South Africa,0.9990828860489446,0.9876365446123566,1.0002770710253932,1.007950069506295
seam,United States of America,Sri Lanka,1.0276876458701898,1.055477036136757,1.008235085970397,1.0378077430822068
seam,United States of America,United Arab Emirates,1.00143393400932,1.0334244863550937,0.9981974870029668,1.0298988755693232
seam,United States of America,United States of America,1.0,1.0,0.9908249410642527,1.0136879099500733
seam,United States of America,West Indies,1.0040512547584386,0.9724697878259768,1.0041673348286493,0.9848568592532554
seam,United States of America,Zimbabwe,0.9914616902541521,0.9516859565504218,0.9733885344968741,0.9504840347993123
seam,West Indies,Australia,0.9844862130696308,1.0142756366805252,0.9907867965100212,1.008371270600028
seam,West Indies,Bangladesh,1.0243054576355364,0.995599024615592,1.0338871394302898,0.9908474660281359
seam,West Indies,China,0.9974915488585081,1.002271433441035,1.0081215084880886,1.0087586510068054
seam,West Indies,England,0.9823875339386623,1.0228655884049613,0.9913615199178883,1.0011522354401527
seam,West Indies,Ghana,0.9920476418431021,0.9898869546163409,0.998413876206192,0.9896357760280258
seam,West Indies,India,0.9956485831303645,1.0552004572850981,0.9986957108525775,1.0192556236990342
seam,West Indies,Ireland,0.9996917784017197,0.9357735726764466,1.0144903735879418,0.8425329334523849
seam,West Indies,Namibia,0.9836558405144409,1.0158345388464394,0.9768929266095063,1.046025182443246
seam,West Indies,Nepal,1.024511123648871,0.9699313090660219,1.0670292179157101,0.9179129799459311
seam,West Indies,Netherlands,1.0036080580994904,1.028023631123106,1.0360195622565551,1.0470870968825925
seam,West Indies,New Zealand,0.9918979934764197,0.9705130606637278,0.9978366506731261,0.965452245898266
seam,West Indies,Oman,0.9846938014921648,1.0194789905044452,0.9578680355203469,1.0261251899905373
seam,West Indies,Pakistan,0.989796431796273,0.9827428547684658,0.9896872015770026,0.9844212702619829
seam,West Indies,Scotland,1.006006643952455,0.980543948373898,1.0380583166694959,0.9466457379679639
seam,West Indies,Singapore,0.9999836256815815,0.9931544296685816,0.9947040762043423,0.9665498029062023
seam,West Indies,South Africa,1.004047788537404,1.0290930839462984,1.0002770710253932,1.007950069506295
seam,West Indies,Sri Lanka,0.9938185942547259,1.0588640949979535,1.008235085970397,1.0378077430822068
seam,West Indies,United Arab Emirates,0.9957671078347685,1.0312380163706456,0.9981974870029668,1.0298988755693232
seam,West Indies,United States of America,0.9960086764700673,1.0283159670406,0.9908249410642528,1.0136879099500733
seam,West Indies,West Indies,1.0,1.0,1.0041673348286493,0.9848568592532555
seam,West Indies,Zimbabwe,0.9794839053037796,0.9885596045794848,0.9733885344968741,0.9504840347993123
seam,Zimbabwe,Australia,1.02168379308969,1.0380158950137883,0.9907867965100212,1.008371270600028
seam,Zimbabwe,Bangladesh,1.0411719154323313,1.1037985303426268,1.0338871394302898,0.9908474660281359
seam,Zimbabwe,China,1.0258481810265538,1.0199637219472673,1.0081215084880886,1.0087586510068054
seam,Zimbabwe,England,1.0307218601950592,1.030955404847975,0.9913615199178883,1.0011522354401527
seam,Zimbabwe,Ghana,1.020391780661105,1.0054124397659316,0.998413876206192,0.9896357760280258
seam,Zimbabwe,India,1.0101745140914924,1.0224734380081533,0.9986957108525775,1.0192556236990342
seam,Zimbabwe,Ireland,1.0374073824820098,0.9494110968436221,1.0144903735879418,0.8425329334523849
seam,Zimbabwe,Namibia,1.0140937460711974,1.0372176413412098,0.9768929266095063,1.046025182443246
seam,Zimbabwe,Nepal,1.0526662441624395,1.066007311608414,1.0670292179157101,0.9179129799459311
seam,Zimbabwe,Netherlands,1.0460658167491392,1.0459328194963635,1.0360195622565551,1.0470870968825925
seam,Zimbabwe,New Zealand,1.0250712349305813,1.0087181487706616,0.9978366506731261,0.965452245898266
seam,Zimbabwe,Oman,1.0089089211240656,1.1118936674573456,0.9578680355203469,1.0261251899905373
seam,Zimbabwe,Pakistan,1.0264943172479812,1.0790751466034534,0.9896872015770026,0.9844212702619829
seam,Zimbabwe,Scotland,1.0418601604789017,1.0053143900214294,1.0380583166694959,0.9466457379679639
seam,Zimbabwe,Singapore,1.017687273395114,1.076654707454564,0.9947040762043423,0.9665498029062023
seam,Zimbabwe,South Africa,1.0298070490120599,1.0386612701740796,1.0002770710253932,1.007950069506295
seam,Zimbabwe,Sri Lanka,1.0247780603879653,1.1216522732507201,1.008235085970397,1.0378077430822068
seam,Zimbabwe,United Arab Emirates,1.0278876805632133,1.1298989561227957,0.9981974870029668,1.0298988755693232
seam,Zimbabwe,United States of America,1.016144247790096,1.0466494567344502,0.9908249410642528,1.0136879099500733
seam,Zimbabwe,West Indies,1.0260296273404628,1.016143392697488,1.0041673348286493,0.9848568592532554
seam,Zimbabwe,Zimbabwe,1.0,1.0,0.973388534496874,0.9504840347993124
spin,Australia,Australia,1.0,1.0,0.987979861916602,1.0228802673276816
spin,Australia,Bangladesh,1.015208636801063,0.8998655523110152,1.0015861953007246,0.9299624630956853
spin,Australia,China,1.0209457923375587,0.9801093721082292,0.9988703408893563,1.023797220983474
spin,Australia,England,1.0189669539685788,0.9387408012536357,1.0128149070202201,0.9460579799135838
spin,Australia,India,1.0021860276807208,1.01998372456838,0.9946419546588691,1.0560330412242385
spin,Australia,Ireland,1.0629106815774219,0.9926897710907769,1.0821508095034087,1.0855313021155135
spin,Australia,Namibia,1.020831649259801,0.9676207952225923,0.9964980561637403,0.9926998140243762
spin,Australia,Nepal,1.0303676845151306,0.9647708191375649,1.0462147440219967,0.9807814521634662
spin,Australia,Netherlands,1.0134761981572307,0.989017168167822,0.9701372794434228,1.065239207621844
spin,Australia,New Zealand,1.018155912486444,0.9190138074336707,1.0009849614114747,0.9246097313777085
spin,Australia,Oman,0.9986807262420863,0.9735293388143904,0.9629496724007317,1.0224763970197883
spin,Australia,Pakistan,1.0256622800611894,0.9570226815771892,1.0214608266436258,0.9558229593514338
spin,Australia,Scotland,1.0571288922267026,0.9761470189273881,1.08532673333572,1.0340550434192646
spin,Australia,Singapore,1.001134606023761,1.008427094288044,0.9763386189418548,1.0853169636949362
spin,Australia,South Africa,1.0201467145717225,1.0010566062963993,0.993642643858783,1.0527221297572529
spin,Australia,Sri Lanka,0.9745554239991713,0.970413546250283,0.9438425733124534,1.001436829628976
spin,Australia,United Arab Emirates,1.0291038705796758,0.9741316500381464,1.0159524865374454,0.9858284807720742
spin,Australia,United States of America,0.9989105648460433,0.992634194428089,1.0030462114309098,0.9869731730065161
spin,Australia,West Indies,0.9897357829259975,1.0328139912647878,0.9808689310610506,1.0434476504690753
spin,Australia,Zimbabwe,1.058742740630484,0.988890012679731,1.0721587119251503,1.0498442295684234
spin,Bangladesh,Australia,0.9896088180701458,1.119063359650518,0.987979861916602,1.0228802673276816
spin,Bangladesh,Bangladesh,1.0,1.0,1.0015861953007246,0.9299624630956853
spin,Bangladesh,China,1.0075649916907778,1.0740591585815065,0.9988703408893563,1.023797220983474
spin,Bangladesh,England,1.0162315351142694,1.0333478891238204,1.0128149070202201,0.9460579799135838
spin,Bangladesh,India,0.9793501946514217,1.1120346017874816,0.9946419546588691,1.0560330412242385
spin,Bangladesh,Ireland,1.0353055224189331,1.1064187622900936,1.0821508095034087,1.0855313021155135
spin,Bangladesh,Namibia,1.005400424007963,1.0558603215057463,0.9964980561637403,0.9926998140243762
spin,Bangladesh,Nepal,1.0205178700859718,1.0371920340352896,1.0462147440219967,0.9807814521634662
spin,Bangladesh,Netherlands,0.9961797673591345,1.0951519232511284,0.9701372794434228,1.065239207621844
spin,Bangladesh,New Zealand,1.007046213277983,1.0338427244275021,1.0009849614114747,0.9246097313777085
spin,Bangladesh,Oman,0.987898157718423,1.0579201331991792,0.9629496724007317,1.0224763970197883
spin,Bangladesh,Pakistan,1.0305008593834248,1.027031278453624,1.0214608266436258,0.9558229593514338
spin,Bangladesh,Scotland,1.0382706080774409,1.0863077000341466,1.08532673333572,1.0340550434192646
spin,Bangladesh,Singapore,0.9935650735238543,1.0771094994283164,0.9763386189418548,1.0853169636949362
spin,Bangladesh,South Africa,1.002365613818396,1.11854416888511,0.993642643858783,1.0527221297572529
spin,Bangladesh,Sri Lanka,0.9441331311767843,1.0547887709462225,0.9438425733124534,1.001436829628976
spin,Bangladesh,United Arab Emirates,1.0223809970642082,1.042419661386084,1.0159524865374454,0.9858284807720742
spin,Bangladesh,United States of America,0.994773975011737,1.068875067995546,1.0030462114309098,0.9869731730065161
spin,Bangladesh,West Indies,0.9751762972849173,1.1262348634480857,0.9808689310610506,1.0434476504690753
spin,Bangladesh,Zimbabwe,1.0446885941826782,1.1119655467639962,1.0721587119251503,1.0498442295684234
spin,China,Australia,0.980731947798855,1.0133636991291979,0.987979861916602,1.0228802673276816
spin,China,Bangladesh,0.9918223927341643,0.9345730888500993,1.0015861953007246,0.9299624630956853
spin,China,China,1.0,1.0,0.9988703408893563,1.023797220983474
spin,China,England,1.005783963408182,0.9498610970615712,1.0128149070202201,0.9460579799135838
spin,China,India,0.992420649773099,1.0322728041866502,0.9946419546588691,1.0560330412242385
spin,China,Ireland,1.033824492507595,1.0076821429631275,1.0821508095034087,1.0855313021155135
spin,China,Nepal,1.0217919748659423,0.9556724384404515,1.0462147440219967,0.9807814521634662
spin,China,New Zealand,0.9881887115345149,0.9441888591194428,1.0009849614114747,0.9246097313777085
spin,China,Oman,0.9799816330838954,0.9730871508508999,0.9629496724007317,1.0224763970197883
spin,China,Pakistan,1.0030507261766344,0.9665455062258611,1.0214608266436258,0.9558229593514338
spin,China,Scotland,1.0320596710792185,0.9989273800796981,1.08532673333572,1.0340550434192646
spin,China,Singapore,0.9778943363012015,1.033964907661698,0.9763386189418548,1.0853169636949362
spin,China,South Africa,0.9877596636692311,1.0124844755861357,0.993642643858783,1.0527221297572529
spin,China,Sri Lanka,0.9611739423449775,0.992659711763908,0.9438425733124534,1.001436829628976
spin,China,United Arab Emirates,0.9998010637787188,0.98229433880624,1.0159524865374454,0.9858284807720742
spin,China,United States of America,0.9980349997048981,0.9669273988753039,1.0030462114309098,0.9869731730065161
spin,China,West Indies,0.9911653747107453,1.0179457343435792,0.9808689310610506,1.0434476504690753
spin,China,Zimbabwe,1.031234133735169,1.0014310898640466,1.0721587119251503,1.0498442295684234
spin,England,Australia,0.9814040337421458,1.0653735009429914,0.987979861916602,1.0228802673276816
spin,England,Bangladesh,0.9841120131334362,0.9734661387304175,1.0015861953007246,0.9299624630956853
spin,England,China,0.9933780197573405,1.051093023529763,0.9988703408893563,1.023797220983474
spin,England,England,1.0,1.0,1.0128149070202201,0.9460579799135836
spin,England,India,0.9817936881361886,1.1131122577890074,0.9946419546588691,1.0560330412242385
spin,England,Ireland,1.0238208720262616,1.083681294782027,1.0821508095034087,1.0855313021155135
spin,England,Namibia,0.9922280529602993,1.0400516606127523,0.9964980561637403,0.9926998140243762
spin,England,Nepal,1.0083358320240825,1.019586164426271,1.0462147440219967,0.9807814521634662
spin,England,Netherlands,0.9804553740537248,1.071275945013426,0.9701372794434228,1.065239207621844
spin,England,New Zealand,0.9915093275646935,1.0087549470636865,1.0009849614114747,0.9246097313777085
spin,England,Oman,0.9774318107291043,1.0378061371178893,0.9629496724007317,1.0224763970197883
spin,England,Pakistan,0.9993622755549532,1.0421840667123166,1.0214608266436258,0.9558229593514338
spin,England,Scotland,1.02547478311901,1.0610638165894004,1.08532673333572,1.0340550434192646
spin,England,South Africa,0.9776354686604929,1.087557635998282,0.993642643858783,1.0527221297572529
spin,England,Sri Lanka,0.9533338900658138,1.0685191400721428,0.9438425733124534,1.001436829628976
spin,England,United Arab Emirates,1.0085850287725864,1.051536407711985,1.0159524865374454,0.9858284807720742
spin,England,United States of America,0.9854618901631932,1.0468262452189123,1.0030462114309098,0.9869731730065161
spin,England,West Indies,0.9731559824985485,1.091528687797197,0.9808689310610506,1.0434476504690753
spin,England,Zimbabwe,1.0222833073070194,1.0708494205574106,1.0721587119251503,1.0498442295684234
spin,Ghana,Ghana,1.0,1.0,0.9999091370205513,inf
spin,Ghana,Namibia,1.004628129829525,0.9981,0.9964980561637403,0.9926998140243762
spin,Ghana,Singapore,0.9853379430353056,1.0157803500961062,0.9763386189418548,1.0853169636949362
spin,India,Australia,0.9978290331827345,0.9804801358423033,0.987979861916602,1.0228802673276816
spin,India,Bangladesh,1.0211846730574592,0.8994518480910155,1.0015861953007246,0.9299624630956853
spin,India,China,1.0077772465761916,0.9704628135668693,0.9988703408893563,1.023797220983474
spin,India,England,1.0185439650298076,0.898385539594022,1.0128149070202201,0.9460579799135838
spin,India,India,1.0,1.0,0.9946419546588691,1.0560330412242385
spin,India,Ireland,1.044904575261868,0.9849963498285743,1.0821508095034087,1.0855313021155135
spin,India,Namibia,1.0076098181426647,0.954088313983703,0.9964980561637403,0.9926998140243762
spin,India,Nepal,1.0207655975642143,0.9508398422727865,1.0462147440219967,0.9807814521634662
spin,India,Netherlands,0.9983589217498737,0.9783020516168355,0.9701372794434228,1.065239207621844
spin,India,New Zealand,1.0205755879109175,0.8986538763030758,1.0009849614114747,0.9246097313777085
spin,India,Oman,0.9899758037466269,0.9652560225637973,0.9629496724007317,1.0224763970197883
spin,India,Pakistan,1.010308352420522,0.9053834373416563,1.0214608266436258,0.9558229593514338
spin,India,Scotland,1.043141083225847,0.9635289480778249,1.08532673333572,1.0340550434192646
spin,India,Singapore,0.993161598155068,0.9873608529434509,0.9763386189418548,1.0853169636949362
spin,India,South Africa,0.9967264104189949,0.9613893727444324,0.993642643858783,1.0527221297572529
spin,India,Sri Lanka,0.9622829051401306,0.9781302485905109,0.9438425733124534,1.001436829628976
spin,India,United Arab Emirates,1.0161350575209296,0.9458576091054947,1.0159524865374454,0.9858284807720742
spin,India,United States of America,1.0049888467041288,0.948523214688486,1.0030462114309098,0.9869731730065161
spin,India,West Indies,0.9819856732549616,0.9722319341049541,0.9808689310610506,1.0434476504690753
spin,India,Zimbabwe,1.0417946771044784,0.9675651524055926,1.0721587119251503,1.0498442295684234
spin,Ireland,Australia,0.9294566946370745,0.9777943653790807,0.987979861916602,1.0228802673276816
spin,Ireland,Bangladesh,0.9484485930880425,0.9018841730561373,1.0015861953007246,0.9299624630956853
spin,Ireland,China,0.9662523205086716,0.9887490092024516,0.9988703408893563,1.023797220983474
spin,Ireland,England,0.952408127763772,0.9272286365017176,1.0128149070202201,0.9460579799135838
spin,Ireland,India,0.9582137236064211,1.0179482021233934,0.9946419546588691,1.0560330412242385
spin,Ireland,Ireland,1.0,1.0,1.0821508095034087,1.0855313021155135
spin,Ireland,Namibia,0.9691418769354523,0.9680757848747924,0.9964980561637403,0.9926998140243762
spin,Ireland,Nepal,0.9903463392775232,0.9445766961348764,1.0462147440219967,0.9807814521634662
spin,Ireland,Netherlands,0.9399764212835517,0.9876999474808402,0.9701372794434228,1.065239207621844
spin,Ireland,New Zealand,0.9404688379617928,0.9104380911970584,1.0009849614114747,0.9246097313777085
spin,Ireland,Oman,0.9446852994152247,0.9618818809985569,0.9629496724007317,1.0224763970197883
spin,Ireland,Pakistan,0.9568537049485437,0.9159646393012263,1.0214608266436258,0.9558229593514338
spin,Ireland,Scotland,0.9924065741176419,0.9792063720095632,1.08532673333572,1.0340550434192646
spin,Ireland,Singapore,0.9582603071359751,1.0070600688876115,0.9763386189418548,1.0853169636949362
spin,Ireland,South Africa,0.9407296201090222,0.977559884282344,0.993642643858783,1.0527221297572529
spin,Ireland,Sri Lanka,0.9088958801392325,0.9443599827641376,0.9438425733124534,1.001436829628976
spin,Ireland,United Arab Emirates,0.9545035007469282,0.9328515862922547,1.0159524865374454,0.9858284807720742
spin,Ireland,United States of America,0.9546324428243594,0.9231155616773532,1.0030462114309098,0.9869731730065161
spin,Ireland,West Indies,0.9431684740678438,0.9818202120388677,0.9808689310610506,1.0434476504690753
spin,Ireland,Zimbabwe,0.9837798064858715,0.9784509333322978,1.0721587119251503,1.0498442295684234
spin,Namibia,Australia,0.9779624611092403,1.0397997624426818,0.987979861916602,1.0228802673276816
spin,Namibia,Bangladesh,0.9955518825183165,0.9554836662715828,1.0015861953007246,0.9299624630956853
spin,Namibia,England,1.0033401662860022,0.975294423017651,1.0128149070202201,0.9460579799135838
spin,Namibia,Ghana,0.9956895631648927,inf,0.9999091370205513,inf
spin,Namibia,India,0.992589517450693,1.0494018510813294,0.9946419546588691,1.0560330412242385
spin,Namibia,Ireland,1.0285372062203835,1.0390728692510216,1.0821508095034087,1.0855313021155135
spin,Namibia,Namibia,1.0,1.0,0.9964980561637402,0.9926998140243761
spin,Namibia,Nepal,1.0269257305732433,0.9677683560528552,1.0462147440219967,0.9807814521634662
spin,Namibia,Netherlands,0.9855788634040853,1.0279530731565851,0.9701372794434228,1.065239207621844
spin,Namibia,Pakistan,1.0056351877733876,0.9845202159837608,1.0214608266436258,0.9558229593514338
spin,Namibia,Scotland,1.030702743113094,1.0204483685133392,1.08532673333572,1.0340550434192646
spin,Namibia,Singapore,0.9790224939858317,1.0509398617448606,0.9763386189418548,1.0853169636949362
spin,Namibia,South Africa,0.9841699957890097,1.0438780832444399,0.993642643858783,1.0527221297572529
spin,Namibia,Sri Lanka,0.9618081633751202,1.0058714705777934,0.9438425733124534,1.001436829628976
spin,Namibia,United Arab Emirates,1.0023490236330994,0.9939736097530881,1.0159524865374454,0.9858284807720742
spin,Namibia,United States of America,1.0033568112480762,0.9637106828629539,1.0030462114309098,0.9869731730065161
spin,Namibia,West Indies,0.9976326014583844,1.0295042007699233,0.9808689310610506,1.0434476504690753
spin,Namibia,Zimbabwe,1.0304040816024571,1.0312778628696029,1.0721587119251503,1.0498442295684234
spin,Nepal,Australia,0.9634680114759112,1.0569892854052931,0.987979861916602,1.0228802673276816
spin,Nepal,Bangladesh,0.9759857610869697,0.9682763547495692,1.0015861953007246,0.9299624630956853
spin,Nepal,China,0.9827945250894521,1.055389051091035,0.9988703408893563,1.023797220983474
spin,Nepal,England,0.9821663771254334,1.0063683592301063,1.0128149070202201,0.9460579799135838
spin,Nepal,India,0.982682912857029,1.0534288307811341,0.9946419546588691,1.0560330412242385
spin,Nepal,Ireland,1.0070665734625581,1.0712820457464458,1.0821508095034087,1.0855313021155135
spin,Nepal,Namibia,0.9793348247706305,1.0409590730780744,0.9964980561637403,0.9926998140243762
spin,Nepal,Nepal,1.0,1.0,1.0462147440219967,0.9807814521634663
spin,Nepal,Netherlands,0.9734256445445411,1.080339933155346,0.9701372794434228,1.065239207621844
spin,Nepal,Oman,0.9633790285396618,1.0154026334524782,0.9629496724007317,1.0224763970197883
spin,Nepal,Pakistan,1.0008416001016711,0.9839589677702328,1.0214608266436258,0.9558229593514338
spin,Nepal,Scotland,1.0106974230701489,1.0547643118699819,1.08532673333572,1.0340550434192646
spin,Nepal,Singapore,0.9714803979835497,1.0516659462644458,0.9763386189418548,1.0853169636949362
spin,Nepal,South Africa,0.9755931412347109,1.121717739015078,0.993642643858783,1.0527221297572529
spin,Nepal,United Arab Emirates,0.9924403276197946,1.0232900229307742,1.0159524865374454,0.9858284807720742
spin,Nepal,United States of America,0.9848289449865089,1.033741504930185,1.0030462114309098,0.9869731730065161
spin,Nepal,West Indies,0.9654295690840414,1.0563765711403796,0.9808689310610506,1.0434476504690753
spin,Nepal,Zimbabwe,1.0228798121232139,1.084057802290995,1.0721587119251503,1.0498442295684234
spin,Netherlands,Australia,1.0017378399695949,0.9962438911498305,0.987979861916602,1.0228802673276816
spin,Netherlands,Bangladesh,1.0094191444121152,0.9064766015671405,1.0015861953007246,0.9299624630956853
spin,Netherlands,England,1.0264760439737195,0.9394647364531031,1.0128149070202201,0.9460579799135838
spin,Netherlands,India,1.002146686104811,1.0247420106901537,0.9946419546588691,1.0560330412242385
spin,Netherlands,Ireland,1.0612672985374296,1.0028440089488704,1.0821508095034087,1.0855313021155135
spin,Netherlands,Namibia,1.0144368100680665,0.9766586555924252,0.9964980561637403,0.9926998140243762
spin,Netherlands,Nepal,1.031478952746651,0.9380190548990607,1.0462147440219967,0.9807814521634662
spin,Netherlands,Netherlands,1.0,1.0,0.9701372794434229,1.065239207621844
spin,Netherlands,New Zealand,1.0095229434420827,0.9284189996550753,1.0009849614114747,0.9246097313777085
spin,Netherlands,Oman,0.9876207286154428,0.9533200946693432,0.9629496724007317,1.0224763970197883
spin,Netherlands,Pakistan,1.0210243582347645,0.9333212003124265,1.0214608266436258,0.9558229593514338
spin,Netherlands,Scotland,1.067155884262867,0.9827151524438108,1.08532673333572,1.0340550434192646
spin,Netherlands,Singapore,0.9852369833354292,1.0177763449216837,0.9763386189418548,1.0853169636949362
spin,Netherlands,South Africa,1.006959558942169,1.0051440412428876,0.993642643858783,1.0527221297572529
spin,Netherlands,Sri Lanka,0.9688213776982039,0.958450025670012,0.9438425733124534,1.001436829628976
spin,Netherlands,United Arab Emirates,1.0199119359842788,0.9517170162335559,1.0159524865374454,0.9858284807720742
spin,Netherlands,United States of America,1.0157255787438169,0.9438218690637491,1.0030462114309098,0.9869731730065161
spin,Netherlands,West Indies,1.0084123972787806,1.0046789074410034,0.9808689310610506,1.0434476504690753
spin,Netherlands,Zimbabwe,1.0564481059024549,0.9896790841794895,1.0721587119251503,1.0498442295684234
spin,New Zealand,Australia,1.005739493850634,1.10129865291861,0.987979861916602,1.0228802673276816
spin,New Zealand,Bangladesh,0.9956797699974843,1.0379813210136517,1.0015861953007246,0.9299624630956853
spin,New Zealand,China,1.0128588869065591,1.0591944974369916,0.9988703408893563,1.023797220983474
spin,New Zealand,England,1.0131882618646175,1.0346657077621815,1.0128149070202201,0.9460579799135838
spin,New Zealand,India,0.9801392320742975,1.1149783475558512,0.9946419546588691,1.0560330412242385
spin,New Zealand,Ireland,1.0448980421511591,1.1138979775032345,1.0821508095034087,1.0855313021155135
spin,New Zealand,Netherlands,1.0042741883180082,1.088739904681938,0.9701372794434228,1.065239207621844
spin,New Zealand,New Zealand,1.0,1.0,1.0009849614114747,0.9246097313777085
spin,New Zealand,Oman,0.9836390927723334,1.0641241237247983,0.9629496724007317,1.0224763970197883
spin,New Zealand,Pakistan,1.0080570600909857,1.0541489739988645,1.0214608266436258,0.9558229593514338
spin,New Zealand,Scotland,1.0431832839063195,1.0803492842610727,1.08532673333572,1.0340550434192646
spin,New Zealand,South Africa,1.0096425933248312,1.085822088610947,0.993642643858783,1.0527221297572529
spin,New Zealand,Sri Lanka,0.9678730091051383,1.0781079654507362,0.9438425733124534,1.001436829628976
spin,New Zealand,United Arab Emirates,1.005152125565216,1.0535123076747988,1.0159524865374454,0.9858284807720742
spin,New Zealand,United States of America,1.0002736890997763,1.0370798740756708,1.0030462114309098,0.9869731730065161
spin,New Zealand,West Indies,0.9851990624892698,1.107235736019552,0.9808689310610506,1.0434476504690753
spin,New Zealand,Zimbabwe,1.0477741421535598,1.0902709859395259,1.0721587119251503,1.0498442295684234
spin,Oman,Australia,1.0126325991602447,1.0295832966105058,0.987979861916602,1.0228802673276816
spin,Oman,Bangladesh,1.026372077865142,0.9436461620166879,1.0015861953007246,0.9299624630956853
spin,Oman,China,1.0215758832414228,1.0281645099786005,0.9988703408893563,1.023797220983474
spin,Oman,England,1.0312647022189754,0.9781260469995191,1.0128149070202201,0.9460579799135838
spin,Oman,India,1.011072408952874,1.0372840523802047,0.9946419546588691,1.0560330412242385
spin,Oman,Ireland,1.0602345957993133,1.039171936582687,1.0821508095034087,1.0855313021155135
spin,Oman,Nepal,1.0457409242208866,0.9864905444116561,1.0462147440219967,0.9807814521634662
spin,Oman,Netherlands,1.0157786865583824,1.0486818934198354,0.9701372794434228,1.065239207621844
spin,Oman,New Zealand,1.0252905553353417,0.9592679424239257,1.0009849614114747,0.9246097313777085
spin,Oman,Oman,1.0,1.0,0.9629496724007317,1.0224763970197883
spin,Oman,Pakistan,1.0507311536111945,0.9595586296671444,1.0214608266436258,0.9558229593514338
spin,Oman,Scotland,1.068007031836054,1.0230121865533326,1.08532673333572,1.0340550434192646
spin,Oman,Singapore,1.004454545965597,1.034922187795727,0.9763386189418548,1.0853169636949362
spin,Oman,South Africa,1.0220313114482629,1.0901179972849278,0.993642643858783,1.0527221297572529
spin,Oman,Sri Lanka,0.9795483296560908,0.9940884303853265,0.9438425733124534,1.001436829628976
spin,Oman,United Arab Emirates,1.0451692700243258,0.9987344659448273,1.0159524865374454,0.9858284807720742
spin,Oman,United States of America,1.0205274843298904,1.000191838113399,1.0030462114309098,0.9869731730065161
spin,Oman,West Indies,1.0056752888799372,1.0339774172182021,0.9808689310610506,1.0434476504690753
spin,Oman,Zimbabwe,1.0731291520476487,1.045156745277146,1.0721587119251503,1.0498442295684234
spin,Pakistan,Australia,0.9783442656229813,1.0394120719622064,0.987979861916602,1.0228802673276816
spin,Pakistan,Bangladesh,0.9646527389714529,0.9895499588854973,1.0015861953007246,0.9299624630956853
spin,Pakistan,China,0.9952893906778194,1.0339388915072212,0.9988703408893563,1.023797220983474
spin,Pakistan,England,0.9979281443891695,0.9725059828591743,1.0128149070202201,0.9460579799135838
spin,Pakistan,India,0.9899379675847794,1.1066320923123578,0.9946419546588691,1.0560330412242385
spin,Pakistan,Ireland,1.0218906115670996,1.0750595463076287,1.0821508095034087,1.0855313021155135
spin,Pakistan,Namibia,0.9942659861501312,1.0191331659127372,0.9964980561637403,0.9926998140243762
spin,Pakistan,Nepal,0.9932550047883382,1.0174877814289376,1.0462147440219967,0.9807814521634662
spin,Pakistan,Netherlands,0.9827808943282536,1.0563232499003044,0.9701372794434228,1.065239207621844
spin,Pakistan,New Zealand,0.9868457558024467,0.9947561009863842,1.0009849614114747,0.9246097313777085
spin,Pakistan,Oman,0.9627267295604863,1.0449853412764536,0.9629496724007317,1.0224763970197883
spin,Pakistan,Pakistan,1.0,1.0,1.0214608266436258,0.9558229593514337
spin,Pakistan,Scotland,1.0225862743352396,1.0455825227723172,1.08532673333572,1.0340550434192646
spin,Pakistan,Singapore,0.9691205724814066,1.0576066468446357,0.9763386189418548,1.0853169636949362
spin,Pakistan,South Africa,0.9853051801000042,1.078320573047321,0.993642643858783,1.0527221297572529
spin,Pakistan,Sri Lanka,0.9465457059598114,1.0381698135953121,0.9438425733124534,1.001436829628976
spin,Pakistan,United Arab Emirates,0.9991166621239579,1.0216864478869463,1.0159524865374454,0.9858284807720742
spin,Pakistan,United States of America,0.9639546183659192,1.0521314668457258,1.0030462114309098,0.9869731730065161
spin,Pakistan,West Indies,0.9542683731306728,1.1038967816745286,0.9808689310610506,1.0434476504690753
spin,Pakistan,Zimbabwe,1.0194745349475747,1.0658734197697617,1.0721587119251503,1.0498442295684234
spin,Scotland,Australia,0.9334247578165594,1.0100811451739338,0.987979861916602,1.0228802673276816
spin,Scotland,Bangladesh,0.9456864900084564,0.9292527261144402,1.0015861953007246,0.9299624630956853
spin,Scotland,China,0.9692490282022055,1.0015770369393255,0.9988703408893563,1.023797220983474
spin,Scotland,England,0.9548417971376942,0.9487015328758227,1.0128149070202201,0.9460579799135838
spin,Scotland,India,0.960834983340339,1.038588808522612,0.9946419546588691,1.0560330412242385
spin,Scotland,Ireland,0.9878372795395496,1.0125265117012106,1.0821508095034087,1.0855313021155135
spin,Scotland,Namibia,0.9693028401678757,0.983726912634813,0.9964980561637403,0.9926998140243762
spin,Scotland,Nepal,0.9905735922888406,0.959683107674636,1.0462147440219967,0.9807814521634662
spin,Scotland,Netherlands,0.9358305280343947,1.0141127282068727,0.9701372794434228,1.065239207621844
spin,Scotland,New Zealand,0.9431439613529436,0.9357938783290667,1.0009849614114747,0.9246097313777085
spin,Scotland,Oman,0.938749222444318,0.9788426924171073,0.9629496724007317,1.0224763970197883
spin,Scotland,Pakistan,0.9577048748151452,0.9576690368994126,1.0214608266436258,0.9558229593514338
spin,Scotland,Scotland,1.0,1.0,1.08532673333572,1.0340550434192646
spin,Scotland,Singapore,0.9538273842136057,1.045538036219045,0.9763386189418548,1.0853169636949362
spin,Scotland,South Africa,0.9399055510470601,1.0141391380133051,0.993642643858783,1.0527221297572529
spin,Scotland,Sri Lanka,0.9111367674739984,0.9816590037529439,0.9438425733124534,1.001436829628976
spin,Scotland,United Arab Emirates,0.9499695869135009,0.9857540698257828,1.0159524865374454,0.9858284807720742
spin,Scotland,United States of America,0.9677752259639547,0.9465752951419014,1.0030462114309098,0.9869731730065161
spin,Scotland,West Indies,0.9567698461011597,1.0137883426928325,0.9808689310610506,1.0434476504690753
spin,Scotland,Zimbabwe,0.9862667500650021,0.9982027427496426,1.0721587119251503,1.0498442295684234
spin,Singapore,Australia,1.010269025927317,0.9892169380985069,0.987979861916602,1.0228802673276816
spin,Singapore,Bangladesh,1.0146529997490548,0.9337797217558023,1.0015861953007246,0.9299624630956853
spin,Singapore,China,1.0262009819857345,0.9865427779456332,0.9988703408893563,1.023797220983474
spin,Singapore,Ghana,1.0167858833495138,inf,0.9999091370205513,inf
spin,Singapore,India,1.0092603294684603,1.0236491393521039,0.9946419546588691,1.0560330412242385
spin,Singapore,Ireland,1.0506729252490403,1.0028737516785127,1.0821508095034087,1.0855313021155135
spin,Singapore,Namibia,1.0253587408051805,0.9761663138924864,0.9964980561637403,0.9926998140243762
spin,Singapore,Nepal,1.0383746371615812,0.9702180232783059,1.0462147440219967,0.9807814521634662
spin,Singapore,Netherlands,1.0197784426023278,1.0009416468362862,0.9701372794434228,1.065239207621844
spin,Singapore,Oman,1.0001865676842694,0.978819728765263,0.9629496724007317,1.0224763970197883
spin,Singapore,Pakistan,1.039536608338515,0.948565523297595,1.0214608266436258,0.9558229593514338
spin,Singapore,Scotland,1.0566902725401828,0.9791472160090108,1.08532673333572,1.0340550434192646
spin,Singapore,Singapore,1.0,1.0,0.9763386189418548,1.0853169636949362
spin,Singapore,South Africa,1.0201541217469081,1.0478445794293667,0.993642643858783,1.0527221297572529
spin,Singapore,Sri Lanka,0.9736187932249244,0.9792387344670898,0.9438425733124534,1.001436829628976
spin,Singapore,United Arab Emirates,1.033521629281555,0.9811585782574985,1.0159524865374454,0.9858284807720742
spin,Singapore,United States of America,1.011853229125952,0.9461512901649887,1.0030462114309098,0.9869731730065161
spin,Singapore,West Indies,0.9953940334752548,1.0288818729357743,0.9808689310610506,1.0434476504690753
spin,Singapore,Zimbabwe,1.0714519154246396,1.0128516799735816,1.0721587119251503,1.0498442295684234
spin,South Africa,Australia,1.0020760274584455,0.9637598095742993,0.987979861916602,1.0228802673276816
spin,South Africa,Bangladesh,1.0015009608103835,0.8782326537149564,1.0015861953007246,0.9299624630956853
spin,South Africa,China,1.0132406900465774,0.9842216709178256,0.9988703408893563,1.023797220983474
spin,South Africa,England,1.025202979602401,0.9214512353388261,1.0128149070202201,0.9460579799135838
spin,South Africa,India,1.0034519812567095,1.040857289507593,0.9946419546588691,1.0560330412242385
spin,South Africa,Ireland,1.0451223031206693,0.9920175432774428,1.0821508095034087,1.0855313021155135
spin,South Africa,Namibia,1.0136111129359493,0.9652236188013443,0.9964980561637403,0.9926998140243762
spin,South Africa,Nepal,1.0161821053234776,0.9101338835349275,1.0462147440219967,0.9807814521634662
spin,South Africa,Netherlands,1.0069231248366632,0.9794692455570416,0.9701372794434228,1.065239207621844
spin,South Africa,New Zealand,1.0139048547230372,0.9354773753005808,1.0009849614114747,0.9246097313777085
spin,South Africa,Oman,0.987214610939346,0.9173908858572227,0.9629496724007317,1.0224763970197883
spin,South Africa,Pakistan,1.0123695441061846,0.8900680973017495,1.0214608266436258,0.9558229593514338
spin,South Africa,Scotland,1.0471370551044303,0.971660580310477,1.08532673333572,1.0340550434192646
spin,South Africa,Singapore,0.9905577585093749,0.9486096835923813,0.9763386189418548,1.0853169636949362
spin,South Africa,South Africa,1.0,1.0,0.993642643858783,1.0527221297572529
spin,South Africa,Sri Lanka,0.9780250514390415,0.9095778679742624,0.9438425733124534,1.001436829628976
spin,South Africa,United Arab Emirates,1.004652982296266,0.9140164651133588,1.0159524865374454,0.9858284807720742
spin,South Africa,United States of America,0.9963512682543935,0.9702806413701593,1.0030462114309098,0.9869731730065161
spin,South Africa,West Indies,0.9872960637519177,0.9955932525929213,0.9808689310610506,1.0434476504690753
spin,South Africa,Zimbabwe,1.0462831285594367,0.972646889751887,1.0721587119251503,1.0498442295684234
spin,Sri Lanka,Australia,1.050338528624242,1.0152560245549154,0.987979861916602,1.0228802673276816
spin,Sri Lanka,Bangladesh,1.0736418535379115,0.9527752013805045,1.0015861953007246,0.9299624630956853
spin,Sri Lanka,China,1.043527643231598,1.0040770850155534,0.9988703408893563,1.023797220983474
spin,Sri Lanka,England,1.0648629940315713,0.9463818836261301,1.0128149070202201,0.9460579799135838
spin,Sri Lanka,India,1.0395391147102135,1.0233376770554645,0.9946419546588691,1.0560330412242385
spin,Sri Lanka,Ireland,1.0949917652534424,1.0331047980981403,1.0821508095034087,1.0855313021155135
spin,Sri Lanka,Namibia,1.0446540776273894,0.995280926255246,0.9964980561637403,0.9926998140243762
spin,Sri Lanka,Netherlands,1.045528921963734,1.024033328227912,0.9701372794434228,1.065239207621844
spin,Sri Lanka,New Zealand,1.061422842311812,0.9555826529666437,1.0009849614114747,0.9246097313777085
spin,Sri Lanka,Oman,1.0418292184902789,0.997676838399217,0.9629496724007317,1.0224763970197883
spin,Sri Lanka,Pakistan,1.0730716381499543,0.9652139902237445,1.0214608266436258,0.9558229593514338
spin,Sri Lanka,Scotland,1.086181615404102,1.0151513762629114,1.08532673333572,1.0340550434192646
spin,Sri Lanka,Singapore,1.0397263677440656,1.0185334331214098,0.9763386189418548,1.0853169636949362
spin,Sri Lanka,South Africa,1.0480771958928339,1.0423591567104422,0.993642643858783,1.0527221297572529
spin,Sri Lanka,Sri Lanka,1.0,1.0,0.9438425733124534,1.001436829628976
spin,Sri Lanka,United Arab Emirates,1.0686510432014187,0.9965737810189662,1.0159524865374454,0.9858284807720742
spin,Sri Lanka,United States of America,1.0627434131144293,1.011349255111399,1.0030462114309098,0.9869731730065161
spin,Sri Lanka,West Indies,1.0415875502791498,1.047041693590655,0.9808689310610506,1.0434476504690753
spin,Sri Lanka,Zimbabwe,1.094218649080977,1.0158546344396353,1.0721587119251503,1.0498442295684234
spin,United Arab Emirates,Australia,0.9717194969705426,1.0266135993113739,0.987979861916602,1.0228802673276816
spin,United Arab Emirates,Bangladesh,0.9781392919496114,0.9594429732563508,1.0015861953007246,0.9299624630956853
spin,United Arab Emirates,China,0.9987856505787801,1.0151571100804178,0.9988703408893563,1.023797220983474
spin,United Arab Emirates,England,0.9915027600681766,0.9510283951067624,1.0128149070202201,0.9460579799135838
spin,United Arab Emirates,India,0.984134451627111,1.0573321186615923,0.9946419546588691,1.0560330412242385
spin,United Arab Emirates,Ireland,1.0272808731766798,1.050723204876652,1.0821508095034087,1.0855313021155135
spin,United Arab Emirates,Namibia,0.9977389063880766,1.008613621283165,0.9964980561637403,0.9926998140243762
spin,United Arab Emirates,Nepal,1.0030161975832181,0.9747439579999874,1.0462147440219967,0.9807814521634662
spin,United Arab Emirates,Netherlands,0.9838666063329615,1.0332368206864422,0.9701372794434228,1.065239207621844
spin,United Arab Emirates,New Zealand,0.9916065881452315,0.9775817785544033,1.0009849614114747,0.9246097313777085
spin,United Arab Emirates,Oman,0.9670389132675092,0.9921110210951882,0.9629496724007317,1.0224763970197883
spin,United Arab Emirates,Pakistan,1.000894335769904,0.9788178306396285,1.0214608266436258,0.9558229593514338
spin,United Arab Emirates,Scotland,1.0336337149676678,1.012492737181396,1.08532673333572,1.0340550434192646
spin,United Arab Emirates,Singapore,0.9742722089154515,1.016706771742587,0.9763386189418548,1.0853169636949362
spin,United Arab Emirates,South Africa,0.994401223327641,1.0558219383485847,0.993642643858783,1.0527221297572529
spin,United Arab Emirates,Sri Lanka,0.9404585411297673,0.9986859571738282,0.9438425733124534,1.001436829628976
spin,United Arab Emirates,United Arab Emirates,1.0,1.0,1.0159524865374454,0.9858284807720741
spin,United Arab Emirates,United States of America,0.9777119840659813,1.071231549782679,1.0030462114309098,0.9869731730065161
spin,United Arab Emirates,West Indies,0.9643400732750952,1.0458031653780628,0.9808689310610506,1.0434476504690753
spin,United Arab Emirates,Zimbabwe,1.0332986629238927,1.0374997927995746,1.0721587119251503,1.0498442295684234
spin,United States of America,Australia,0.9998624529976033,1.035380317037213,0.987979861916602,1.0228802673276816
spin,United States of America,Bangladesh,0.9958986600350942,0.9609733803736028,1.0015861953007246,0.9299624630956853
spin,United States of America,China,1.0038965162295523,1.036270674223559,0.9988703408893563,1.023797220983474
spin,United States of America,England,1.0087842285740842,1.0016071113436296,1.0128149070202201,0.9460579799135838
spin,United States of America,India,0.9952356619421848,1.054418499714818,0.9946419546588691,1.0560330412242385
spin,United States of America,Ireland,1.037525008216105,1.070217972883343,1.0821508095034087,1.0855313021155135
spin,United States of America,Namibia,1.0020507616842151,1.0374089391069463,0.9964980561637403,0.9926998140243762
spin,United States of America,Nepal,1.014352347171809,0.9675447053109071,1.0462147440219967,0.9807814521634662
spin,United States of America,Netherlands,0.9924082315439381,1.0561407139726897,0.9701372794434228,1.065239207621844
spin,United States of America,New Zealand,1.0009476898835754,1.0040693959300924,1.0009849614114747,0.9246097313777085
spin,United States of America,Oman,0.9853297864638271,1.0064653672619241,0.9629496724007317,1.0224763970197883
spin,United States of America,Pakistan,1.0125773607816542,0.9710504306536415,1.0214608266436258,0.9558229593514338
spin,United States of America,Scotland,1.0332175712692961,1.0515016382332558,1.08532673333572,1.0340550434192646
spin,United States of America,Singapore,0.990591021540349,1.0882657917006635,0.9763386189418548,1.0853169636949362
spin,United States of America,South Africa,1.0017515084018322,1.0489051231942905,0.993642643858783,1.0527221297572529
spin,United States of America,Sri Lanka,0.9651666538113034,0.987959843169984,0.9438425733124534,1.001436829628976
spin,United States of America,United Arab Emirates,1.0106274845408545,0.9435382363668866,1.0159524865374454,0.9858284807720742
spin,United States of America,United States of America,1.0,1.0,1.0030462114309098,0.9869731730065161
spin,United States of America,West Indies,0.9814859191086281,1.0344793546920055,0.9808689310610506,1.0434476504690753
spin,United States of America,Zimbabwe,1.0300264879098304,1.0600074688325518,1.0721587119251503,1.0498442295684234
spin,West Indies,Australia,1.0103755067119693,0.9683022926702329,0.987979861916602,1.0228802673276816
spin,West Indies,Bangladesh,1.025464823299895,0.8879204583267982,1.0015861953007246,0.9299624630956853
spin,West Indies,China,1.0111321059698721,0.9841991933889153,0.9988703408893563,1.023797220983474
spin,West Indies,England,1.0275964983124546,0.9161961589061763,1.0128149070202201,0.9460579799135838
spin,West Indies,India,1.0183539456101067,1.028696758757005,0.9946419546588691,1.0560330412242385
spin,West Indies,Ireland,1.0516786202681583,1.000408743459207,1.0821508095034087,1.0855313021155135
spin,West Indies,Namibia,1.0086294205680868,0.9653158752505951,0.9964980561637403,0.9926998140243762
spin,West Indies,Nepal,1.03601956388478,0.946696755899402,1.0462147440219967,0.9807814521634662
spin,West Indies,Netherlands,1.000472129117394,0.9883073399526444,0.9701372794434228,1.065239207621844
spin,West Indies,New Zealand,1.0182570831702689,0.914206215382683,1.0009849614114747,0.9246097313777085
spin,West Indies,Oman,1.0012243114752044,0.9578172756631412,0.9629496724007317,1.0224763970197883
spin,West Indies,Pakistan,1.0432914310524108,0.9076353001546195,1.0214608266436258,0.9558229593514338
spin,West Indies,Scotland,1.046184416934764,0.9772626141084361,1.08532673333572,1.0340550434192646
spin,West Indies,Singapore,1.007227536873298,0.9826426387468415,0.9763386189418548,1.0853169636949362
spin,West Indies,South Africa,1.0138684334270944,0.9953861990165205,0.993642643858783,1.0527221297572529
spin,West Indies,Sri Lanka,0.9705259739725755,0.9502486084827161,0.9438425733124534,1.001436829628976
spin,West Indies,United Arab Emirates,1.0369792882427864,0.9562723554569234,1.0159524865374454,0.9858284807720742
spin,West Indies,United States of America,1.0188943974827642,0.9669434857256333,1.0030462114309098,0.9869731730065161
spin,West Indies,West Indies,1.0,1.0,0.9808689310610506,1.0434476504690753
spin,West Indies,Zimbabwe,1.0503147523083844,0.9758558922724232,1.0721587119251503,1.0498442295684234
spin,Zimbabwe,Australia,0.9330648624837137,0.9850088099971291,0.987979861916602,1.0228802673276816
spin,Zimbabwe,Bangladesh,0.9298522416582046,0.8994494765509663,1.0015861953007246,0.9299624630956853
spin,Zimbabwe,China,0.9692780868436529,0.9936722759900641,0.9988703408893563,1.023797220983474
spin,Zimbabwe,England,0.9498095066264884,0.9468631841087242,1.0128149070202201,0.9460579799135838
spin,Zimbabwe,India,0.9607419297213186,1.0342683603131728,0.9946419546588691,1.0560330412242385
spin,Zimbabwe,Ireland,0.9816455483371355,1.003817051877357,1.0821508095034087,1.0855313021155135
spin,Zimbabwe,Namibia,0.9659421204898443,0.9762890260193012,0.9964980561637403,0.9926998140243762
spin,Zimbabwe,Nepal,0.9695425679372214,0.938997269128974,1.0462147440219967,0.9807814521634662
spin,Zimbabwe,Netherlands,0.9436365867827564,1.0016218477296346,0.9701372794434228,1.065239207621844
spin,Zimbabwe,New Zealand,0.9379570136479017,0.9376051670806191,1.0009849614114747,0.9246097313777085
spin,Zimbabwe,Oman,0.9312010815224224,0.9579312794108992,0.9629496724007317,1.0224763970197883
spin,Zimbabwe,Pakistan,0.9409676089375271,0.9138924112929075,1.0214608266436258,0.9558229593514338
spin,Zimbabwe,Scotland,0.9894397278878625,0.9947306299064809,1.08532673333572,1.0340550434192646
spin,Zimbabwe,Singapore,0.9414391444130512,0.9840833499532301,0.9763386189418548,1.0853169636949362
spin,Zimbabwe,South Africa,0.9392313844086853,0.9996194720743615,0.993642643858783,1.0527221297572529
spin,Zimbabwe,Sri Lanka,0.9054366402219346,0.9429573184403823,0.9438425733124534,1.001436829628976
spin,Zimbabwe,United Arab Emirates,0.9361250470089576,0.934006401884207,1.0159524865374454,0.9858284807720742
spin,Zimbabwe,United States of America,0.9623499165202817,0.943526573948782,1.0030462114309098,0.9869731730065161
spin,Zimbabwe,West Indies,0.9462508612348621,1.0111836223721975,0.9808689310610506,1.0434476504690753
spin,Zimbabwe,Zimbabwe,1.0,1.0,1.0721587119251503,1.0498442295684234
