ord,over,ballsFaced,fxbRunscurve,fxbWktscurve,slwRunscurve,slwWktscurve
2,3,1,0.6003744,0.936279575,0.963212608,0.807983741
2,3,2,0.731874456,1.020682422,0.974319069,0.959264747
2,3,3,0.831170183,1.089910793,0.986882661,1.047970274
2,3,4,0.903333358,1.145875371,0.999713763,1.084203541
2,3,5,0.953048319,1.190331092,1.011821295,1.084203541
2,3,6,1.047688561,1.039272487,1.032901702,1.038637705
2,3,7,1.059484139,1.061400456,1.041470013,1.038637705
2,3,8,1.059484139,1.077437645,1.047507037,1.038637705
2,3,9,1.059484139,1.079005938,1.050813829,1.038637705
2,3,10,1.059484139,1.079005938,1.051392017,1.038637705
2,3,11,1.059484139,1.079005938,1.049443807,1.038637705
2,3,12,1.059484139,1.079005938,1.045371982,1.038637705
2,3,13,1.059484139,1.079005938,1.039779897,1.038637705
2,3,14,1.059484139,1.079005938,1.033471486,1.038637705
2,3,15,1.059484139,1.079005938,1.027451258,1.038637705
2,3,16,1.059484139,1.079005938,1.022924298,1.038637705
2,3,17,1.059484139,1.079005938,1.021296265,1.038637705
2,3,18,1.059484139,1.079005938,1.024173395,1.038637705
2,3,19,1.059484139,1.079005938,1.033362501,1.038637705
2,3,20,1.059484139,1.079005938,1.050870971,1.038637705
2,3,21,1.059484139,1.079005938,1.078906768,1.038637705
2,4,1,0.574854083,0.919032899,0.928455835,0.780674415
2,4,2,0.700764422,1.001881009,0.939161528,0.926842221
2,4,3,0.795839353,1.069834163,0.951271772,1.012549558
2,4,4,0.864935064,1.124767849,0.963639874,1.047558164
2,4,5,0.912536774,1.168404677,0.975310515,1.047558164
2,4,6,1.003154111,1.020128638,0.995630253,1.003532423
2,4,7,1.014448291,1.041848999,1.003889383,1.003532423
2,4,8,1.014448291,1.057590777,1.009708566,1.003532423
2,4,9,1.014448291,1.059130181,1.012896034,1.003532423
2,4,10,1.014448291,1.059130181,1.013453358,1.003532423
2,4,11,1.014448291,1.059130181,1.011575449,1.003532423
2,4,12,1.014448291,1.059130181,1.007650552,1.003532423
2,4,13,1.014448291,1.059130181,1.002260253,1.003532423
2,4,14,1.014448291,1.059130181,0.996179476,1.003532423
2,4,15,1.014448291,1.059130181,0.990376484,1.003532423
2,4,16,1.014448291,1.059130181,0.986012875,1.003532423
2,4,17,1.014448291,1.059130181,0.984443588,1.003532423
2,4,18,1.014448291,1.059130181,0.9872169,1.003532423
2,4,19,1.014448291,1.059130181,0.996074424,1.003532423
2,4,20,1.014448291,1.059130181,1.012951114,1.003532423
2,4,21,1.014448291,1.059130181,1.039975261,1.003532423
2,5,1,0.560666061,0.900221273,0.928915405,0.781381168
2,5,2,0.683468796,0.98137357,0.939626396,0.927681301
2,5,3,0.776197174,1.047935796,0.951742635,1.01346623
2,5,4,0.843587528,1.101745048,0.964116859,1.04850653
2,5,5,0.890014376,1.144488675,0.975793277,1.04850653
2,5,6,0.978395179,0.999247689,0.996123072,1.004440932
2,5,7,1,1.020523458,1.004386291,1.004440932
2,5,8,1,1.035943018,1.010208354,1.004440932
2,5,9,1,1.037450912,1.0133974,1.004440932
2,5,10,1,1.037450912,1.013955,1.004440932
2,5,11,1,1.037450912,1.012076161,1.004440932
2,5,12,1,1.037450912,1.008149321,1.004440932
2,5,13,1,1.037450912,1.002756354,1.004440932
2,5,14,1,1.037450912,0.996672568,1.004440932
2,5,15,1,1.037450912,0.990866703,1.004440932
2,5,16,1,1.037450912,0.986500934,1.004440932
2,5,17,1,1.037450912,0.98493087,1.004440932
2,5,18,1,1.037450912,0.987705555,1.004440932
2,5,19,1,1.037450912,0.996567464,1.004440932
2,5,20,1,1.037450912,1.013452507,1.004440932
2,5,21,1,1.037450912,1.040490031,1.004440932
2,6,1,0.550748689,0.885900336,0.911408915,0.783005114
2,6,2,0.671379221,0.965761643,0.921918045,0.929609304
2,6,3,0.762467368,1.031264981,0.933805939,1.01557252
2,6,4,0.828665684,1.084218222,0.945946957,1.050685644
2,6,5,0.874271309,1.126281874,0.957403319,1.050685644
2,6,6,0.961088783,0.983351416,0.977349976,1.006528465
2,6,7,1,1.004288725,0.985457464,1.006528465
2,6,8,1,1.019462987,0.991169804,1.006528465
2,6,9,1,1.020946894,0.994298748,1.006528465
2,6,10,1,1.020946894,0.99484584,1.006528465
2,6,11,1,1.020946894,0.99300241,1.006528465
2,6,12,1,1.020946894,0.989149576,1.006528465
2,6,13,1,1.020946894,0.983858246,1.006528465
2,6,14,1,1.020946894,0.977889116,1.006528465
2,6,15,1,1.020946894,0.972192669,1.006528465
2,6,16,1,1.020946894,0.967909178,1.006528465
2,6,17,1,1.020946894,0.966368704,1.006528465
2,6,18,1,1.020946894,0.969091096,1.006528465
2,6,19,1,1.020946894,0.977785992,1.006528465
2,6,20,1,1.020946894,0.994352818,1.006528465
2,6,21,1,1.020946894,1.020880787,1.006528465
3,3,1,0.677541091,0.750014661,1.049586247,0.888407794
3,3,2,0.825942974,0.817626275,1.061688651,1.054746815
3,3,3,0.938001276,0.873082246,1.075378851,1.152281799
3,3,4,1.019439652,0.917913144,1.08936055,1.192121607
3,3,5,1.075544524,0.953524775,1.102553794,1.192121607
3,3,6,1.168572524,1.048001779,1.065475901,1.026406224
3,3,7,1.181729094,1.070315609,1.074314427,1.026406224
3,3,8,1.181729094,1.086487502,1.080541838,1.026406224
3,3,9,1.181729094,1.088068968,1.083952914,1.026406224
3,3,10,1.181729094,1.088068968,1.084549337,1.026406224
3,3,11,1.181729094,1.088068968,1.082539687,1.026406224
3,3,12,1.181729094,1.088068968,1.07833945,1.026406224
3,3,13,1.181729094,1.088068968,1.07257101,1.026406224
3,3,14,1.181729094,1.088068968,1.066063654,1.026406224
3,3,15,1.181729094,1.088068968,1.059853568,1.026406224
3,3,16,1.181729094,1.088068968,1.055183843,1.026406224
3,3,17,1.181729094,1.088068968,1.053504467,1.026406224
3,3,18,1.181729094,1.088068968,1.056472333,1.026406224
3,3,19,1.181729094,1.088068968,1.065951232,1.026406224
3,3,20,1.181729094,1.088068968,1.084011859,1.026406224
3,3,21,1.181729094,1.088068968,1.112931809,1.026406224
3,4,1,0.648740624,0.736199066,1.011712749,0.858380186
3,4,2,0.790834338,0.802565245,1.023378447,1.019097056
3,4,3,0.89812934,0.856999693,1.036574647,1.113335421
3,4,4,0.976105988,0.901004786,1.050051827,1.151828669
3,4,5,1.029825991,0.935960435,1.062769003,1.151828669
3,4,6,1.118899619,1.028697132,1.027029037,1
3,4,7,1.131496939,1.050599932,1.035548631,1
3,4,8,1.131496939,1.066473931,1.041551331,1
3,4,9,1.131496939,1.068026266,1.044839322,1
3,4,10,1.131496939,1.068026266,1.045414222,1
3,4,11,1.131496939,1.068026266,1.04347709,1
3,4,12,1.131496939,1.068026266,1.039428415,1
3,4,13,1.131496939,1.068026266,1.033868125,1
3,4,14,1.131496939,1.068026266,1.027595581,1
3,4,15,1.131496939,1.068026266,1.021609582,1
3,4,16,1.131496939,1.068026266,1.017108359,1
3,4,17,1.131496939,1.068026266,1.015489583,1
3,4,18,1.131496939,1.068026266,1.018350355,1
3,4,19,1.131496939,1.068026266,1.027487216,1
3,4,20,1.131496939,1.068026266,1.044896139,1
3,4,21,1.131496939,1.068026266,1.072772535,1
3,5,1,0.632729002,0.721129854,1.012213529,0.859157287
3,5,2,0.771315689,0.786137587,1.023885001,1.020019656
3,5,3,0.875962534,0.83945782,1.037087733,1.114343335
3,5,4,0.952014633,0.882562176,1.050571584,1.152871432
3,5,5,1.004408768,0.91680232,1.063295055,1.152871432
3,5,6,1.091283962,1.007640795,1.027537398,1
3,5,7,1.103570366,1.029095268,1.03606121,1
3,5,8,1.103570366,1.044644344,1.042066881,1
3,5,9,1.103570366,1.046164904,1.045356499,1
3,5,10,1.103570366,1.046164904,1.045931684,1
3,5,11,1.103570366,1.046164904,1.043993593,1
3,5,12,1.103570366,1.046164904,1.039942914,1
3,5,13,1.103570366,1.046164904,1.034379871,1
3,5,14,1.103570366,1.046164904,1.028104223,1
3,5,15,1.103570366,1.046164904,1.022115261,1
3,5,16,1.103570366,1.046164904,1.01761181,1
3,5,17,1.103570366,1.046164904,1.015992232,1
3,5,18,1.103570366,1.046164904,1.018854421,1
3,5,19,1.103570366,1.046164904,1.027995804,1
3,5,20,1.103570366,1.046164904,1.045413345,1
3,5,21,1.103570366,1.046164904,1.073303539,1
3,6,1,0.62153694,0.709657947,0.993137189,0.860942876
3,6,2,0.757672229,0.773631521,1.004588699,1.022139566
3,6,3,0.860468023,0.826103523,1.01754261,1.116659278
3,6,4,0.935174871,0.868522164,1.030772342,1.155267448
3,6,5,0.98664223,0.902217608,1.043256024,1.155267448
3,6,6,1.071980727,0.991611003,1.008172262,1
3,6,7,1.084049802,1.012724173,1.016535433,1
3,6,8,1.084049802,1.02802589,1.02242792,1
3,6,9,1.084049802,1.029522261,1.025655541,1
3,6,10,1.084049802,1.029522261,1.026219886,1
3,6,11,1.084049802,1.029522261,1.02431832,1
3,6,12,1.084049802,1.029522261,1.020343981,1
3,6,13,1.084049802,1.029522261,1.014885781,1
3,6,14,1.084049802,1.029522261,1.008728404,1
3,6,15,1.084049802,1.029522261,1.002852311,1
3,6,16,1.084049802,1.029522261,0.998433734,1
3,6,17,1.084049802,1.029522261,0.996844678,1
3,6,18,1.084049802,1.029522261,0.999652926,1
3,6,19,1.084049802,1.029522261,1.008622029,1
3,6,20,1.084049802,1.029522261,1.025711316,1
3,6,21,1.084049802,1.029522261,1.053075887,1
4,3,1,0.718414369,0.772331564,1.117137097,0.871736933
4,3,2,0.875768729,0.841954981,1.130018405,1.034954624
4,3,3,0.994587049,0.899061061,1.1445897,1.130659376
4,3,4,1.080938269,0.945225915,1.159471254,1.169751595
4,3,5,1.140427718,0.98189718,1.173513608,1.169751595
4,3,6,1.267307185,1.132294617,1.054739246,1
4,3,7,1.281575377,1.156403193,1.063488708,1
4,3,8,1.281575377,1.173875823,1.069653366,1
4,3,9,1.281575377,1.175584489,1.073030069,1
4,3,10,1.281575377,1.175584489,1.073620482,1
4,3,11,1.281575377,1.175584489,1.071631083,1
4,3,12,1.281575377,1.175584489,1.067473171,1
4,3,13,1.281575377,1.175584489,1.061762859,1
4,3,14,1.281575377,1.175584489,1.055321077,1
4,3,15,1.281575377,1.175584489,1.049173569,1
4,3,16,1.281575377,1.175584489,1.0445509,1
4,3,17,1.281575377,1.175584489,1.042888447,1
4,3,18,1.281575377,1.175584489,1.045826406,1
4,3,19,1.281575377,1.175584489,1.055209787,1
4,3,20,1.281575377,1.175584489,1.07308842,1
4,3,21,1.281575377,1.175584489,1.101716948,1
4,4,1,0.687876488,0.758104882,1.076826079,0.84227279
4,4,2,0.838542133,0.826445805,1.089242575,0.999973828
4,4,3,0.952309803,0.882499966,1.103288076,1.092443822
4,4,4,1.034990463,0.927814444,1.117632641,1.130214749
4,4,5,1.091951173,0.963810208,1.131168288,1.130214749
4,4,6,1.213437333,1.111437259,1.016679806,1
4,4,7,1.227099021,1.135101745,1.02511355,1
4,4,8,1.227099021,1.152252521,1.031055761,1
4,4,9,1.227099021,1.153929713,1.034310619,1
4,4,10,1.227099021,1.153929713,1.034879726,1
4,4,11,1.227099021,1.153929713,1.032962114,1
4,4,12,1.227099021,1.153929713,1.028954237,1
4,4,13,1.227099021,1.153929713,1.023449977,1
4,4,14,1.227099021,1.153929713,1.017240641,1
4,4,15,1.227099021,1.153929713,1.011314962,1
4,4,16,1.227099021,1.153929713,1.006859098,1
4,4,17,1.227099021,1.153929713,1.005256633,1
4,4,18,1.227099021,1.153929713,1.008088578,1
4,4,19,1.227099021,1.153929713,1.017133368,1
4,4,20,1.227099021,1.153929713,1.034366864,1
4,4,21,1.227099021,1.153929713,1.061962353,1
4,5,1,0.670898949,0.742587281,1.077359089,0.843035309
4,5,2,0.817846003,0.809529338,1.089781731,1.000879115
4,5,3,0.928805764,0.86443613,1.103834184,1.093432823
4,5,4,1.009445775,0.908823069,1.11818585,1.131237945
4,5,5,1.065000633,0.944082038,1.131728196,1.131237945
4,5,6,1.183488382,1.088687321,1.017183045,1
4,5,7,1.196812886,1.111867419,1.025620963,1
4,5,8,1.196812886,1.128667137,1.031566116,1
4,5,9,1.196812886,1.130309999,1.034822585,1
4,5,10,1.196812886,1.130309999,1.035391974,1
4,5,11,1.196812886,1.130309999,1.033473412,1
4,5,12,1.196812886,1.130309999,1.029463552,1
4,5,13,1.196812886,1.130309999,1.023956567,1
4,5,14,1.196812886,1.130309999,1.017744158,1
4,5,15,1.196812886,1.130309999,1.011815545,1
4,5,16,1.196812886,1.130309999,1.007357476,1
4,5,17,1.196812886,1.130309999,1.005754218,1
4,5,18,1.196812886,1.130309999,1.008587564,1
4,5,19,1.196812886,1.130309999,1.017636831,1
4,5,20,1.196812886,1.130309999,1.034878858,1
4,5,21,1.196812886,1.130309999,1.062488006,1
4,6,1,0.659031717,0.730774024,1.057055005,0.844787391
4,6,2,0.80337949,0.796651151,1.069243529,1.002959245
4,6,3,0.912376533,0.850684472,1.083031147,1.095705308
4,6,4,0.991590139,0.894365292,1.097112338,1.133589
4,6,5,1.046162312,0.929063354,1.110399464,1.133589
4,6,6,1.162554184,1.071368221,0.998013048,1
4,6,7,1.175642996,1.094179564,1.006291945,1
4,6,8,1.175642996,1.110712029,1.012125054,1
4,6,9,1.175642996,1.112328755,1.015320151,1
4,6,10,1.175642996,1.112328755,1.015878809,1
4,6,11,1.175642996,1.112328755,1.013996405,1
4,6,12,1.175642996,1.112328755,1.010062115,1
4,6,13,1.175642996,1.112328755,1.004658916,1
4,6,14,1.175642996,1.112328755,0.998563587,1
4,6,15,1.175642996,1.112328755,0.992746706,1
4,6,16,1.175642996,1.112328755,0.988372654,1
4,6,17,1.175642996,1.112328755,0.986799611,1
4,6,18,1.175642996,1.112328755,0.98957956,1
4,6,19,1.175642996,1.112328755,0.998458283,1
4,6,20,1.175642996,1.112328755,1.015375363,1
4,6,21,1.175642996,1.112328755,1.042464186,1
5,3,1,0.722994232,1.003230284,1.165865157,0.75797116
5,3,2,0.88135172,1.09366854,1.179308331,0.899888173
5,3,3,1.000927503,1.167847236,1.194515206,0.983103005
5,3,4,1.087829208,1.227813683,1.210045874,1.017093505
5,3,5,1.1476979,1.275448307,1.224700738,1.017093505
5,3,6,1.343892545,1.292151003,1.000691739,1
5,3,7,1.359022986,1.319663206,1.008992856,1
5,3,8,1.359022986,1.339602607,1.014841621,1
5,3,9,1.359022986,1.341552501,1.018045294,1
5,3,10,1.359022986,1.341552501,1.018605452,1
5,3,11,1.359022986,1.341552501,1.016717995,1
5,3,12,1.359022986,1.341552501,1.012773145,1
5,3,13,1.359022986,1.341552501,1.007355444,1
5,3,14,1.359022986,1.341552501,1.001243755,1
5,3,15,1.359022986,1.341552501,0.995411261,1
5,3,16,1.359022986,1.341552501,0.991025469,1
5,3,17,1.359022986,1.341552501,0.989448204,1
5,3,18,1.359022986,1.341552501,0.992235615,1
5,3,19,1.359022986,1.341552501,1.001138168,1
5,3,20,1.359022986,1.341552501,1.018100654,1
5,3,21,1.359022986,1.341552501,1.045262184,1
5,4,1,0.692261673,0.984750347,1.123795825,0.732352226
5,4,2,0.843887807,1.073522691,1.136753913,0.869472537
5,4,3,0.958380741,1.146334984,1.15141206,0.949874761
5,4,4,1.041588486,1.205196823,1.166382316,0.982716404
5,4,5,1.09891232,1.251953996,1.18050837,0.982716404
5,4,6,1.286767253,1.268349021,0.96458256,1
5,4,7,1.301254539,1.295354438,0.972584138,1
5,4,8,1.301254539,1.314926546,0.978221856,1
5,4,9,1.301254539,1.316840523,0.981309926,1
5,4,10,1.301254539,1.316840523,0.981849871,1
5,4,11,1.301254539,1.316840523,0.980030522,1
5,4,12,1.301254539,1.316840523,0.976228019,1
5,4,13,1.301254539,1.316840523,0.971005811,1
5,4,14,1.301254539,1.316840523,0.965114657,1
5,4,15,1.301254539,1.316840523,0.959492625,1
5,4,16,1.301254539,1.316840523,0.95526509,1
5,4,17,1.301254539,1.316840523,0.95374474,1
5,4,18,1.301254539,1.316840523,0.956431569,1
5,4,19,1.301254539,1.316840523,0.965012881,1
5,4,20,1.301254539,1.316840523,0.981363289,1
5,4,21,1.301254539,1.316840523,1.007544716,1
5,5,1,0.675175904,0.964593554,1.124352084,0.733015232
5,5,2,0.82305974,1.051548823,1.137316586,0.870259679
5,5,3,0.934726864,1.122870726,1.151981989,0.950734692
5,5,4,1.015880952,1.180527725,1.166959655,0.983606068
5,5,5,1.071789971,1.226327829,1.181092701,0.983606068
5,5,6,1.255008441,1.242387265,0.965060012,1
5,5,7,1.269138165,1.26883991,0.97306555,1
5,5,8,1.269138165,1.288011398,0.978706058,1
5,5,9,1.269138165,1.289886198,0.981795657,1
5,5,10,1.269138165,1.289886198,0.98233587,1
5,5,11,1.269138165,1.289886198,0.98051562,1
5,5,12,1.269138165,1.289886198,0.976711235,1
5,5,13,1.269138165,1.289886198,0.971486442,1
5,5,14,1.269138165,1.289886198,0.965592372,1
5,5,15,1.269138165,1.289886198,0.959967557,1
5,5,16,1.269138165,1.289886198,0.95573793,1
5,5,17,1.269138165,1.289886198,0.954216827,1
5,5,18,1.269138165,1.289886198,0.956904986,1
5,5,19,1.269138165,1.289886198,0.965490545,1
5,5,20,1.269138165,1.289886198,0.981849047,1
5,5,21,1.269138165,1.289886198,1.008043433,1
5,6,1,0.663233019,0.949248568,1.103162363,0.73453866
5,6,2,0.808501003,1.034820532,1.115882534,0.872068343
5,6,3,0.918192897,1.105007828,1.13027155,0.952710607
5,6,4,0.997911487,1.161747606,1.144966944,0.985650299
5,6,5,1.052831556,1.206819111,1.158833637,0.985650299
5,6,6,1.232809156,1.22262307,0.946872335,1
5,6,7,1.246688946,1.248654899,0.954726999,1
5,6,8,1.246688946,1.267521403,0.960261206,1
5,6,9,1.246688946,1.269366377,0.963292577,1
5,6,10,1.246688946,1.269366377,0.963822609,1
5,6,11,1.246688946,1.269366377,0.962036664,1
5,6,12,1.246688946,1.269366377,0.958303977,1
5,6,13,1.246688946,1.269366377,0.953177651,1
5,6,14,1.246688946,1.269366377,0.947394662,1
5,6,15,1.246688946,1.269366377,0.941875853,1
5,6,16,1.246688946,1.269366377,0.937725938,1
5,6,17,1.246688946,1.269366377,0.936233502,1
5,6,18,1.246688946,1.269366377,0.938871,1
5,6,19,1.246688946,1.269366377,0.947294754,1
5,6,20,1.246688946,1.269366377,0.963344961,1
5,6,21,1.246688946,1.269366377,0.989045683,1
2,7,1,1,1,0.959702982,0.98846247
2,7,2,1,1,0.979646871,1.037412501
2,7,3,1,1,0.996641013,1.071869842
2,7,4,1,1,1.010944094,1.094295774
2,7,5,1,1,1.022804013,1.096630867
2,7,6,1,1,0.995964953,1
2,7,7,1,1,1.003367845,1
2,7,8,1,1,1.009068903,1
2,7,9,1,1,1.01316528,1
2,7,10,1,1,1.01316528,1
2,7,11,1,1,1.01316528,1
2,7,12,1,1,1.01316528,1
2,7,13,1,1,1.01316528,1
2,7,14,1,1,1.01316528,1
2,7,15,1,1,1.01316528,1
2,7,16,1,1,1.01316528,1
2,7,17,1,1,1.01316528,1
2,7,18,1,1,1.01316528,1
2,7,19,1,1,1.01316528,1
2,7,20,1,1,1.01316528,1
2,7,21,1,1,1.01316528,1
2,8,1,1,1,0.935951092,0.999835311
2,8,2,1,1,0.955401385,1.049348541
2,8,3,1,1,0.971974935,1.084202334
2,8,4,1,1,0.985924027,1.106886289
2,8,5,1,1,0.997490422,1.109248249
2,8,6,1,1,0.971315608,1
2,8,7,1,1,0.978535284,1
2,8,8,1,1,0.984095245,1
2,8,9,1,1,1,1
2,8,10,1,1,1,1
2,8,11,1,1,1,1
2,8,12,1,1,1,1
2,8,13,1,1,1,1
2,8,14,1,1,1,1
2,8,15,1,1,1,1
2,8,16,1,1,1,1
2,8,17,1,1,1,1
2,8,18,1,1,1,1
2,8,19,1,1,1,1
2,8,20,1,1,1,1
2,8,21,1,1,1,1
2,9,1,1,1,0.931695573,0.998525499
2,9,2,1,1,0.951057431,1.047973865
2,9,3,1,1,0.967555625,1.082781999
2,9,4,1,1,0.981441294,1.105436237
2,9,5,1,1,0.9929551,1.107795103
2,9,6,1,1,0.966899295,1
2,9,7,1,1,0.974086146,1
2,9,8,1,1,0.979620827,1
2,9,9,1,1,1,1
2,9,10,1,1,1,1
2,9,11,1,1,1,1
2,9,12,1,1,1,1
2,9,13,1,1,1,1
2,9,14,1,1,1,1
2,9,15,1,1,1,1
2,9,16,1,1,1,1
2,9,17,1,1,1,1
2,9,18,1,1,1,1
2,9,19,1,1,1,1
2,9,20,1,1,1,1
2,9,21,1,1,1,1
2,10,1,1,1,0.92882176,0.998850934
2,10,2,1,1,0.948123896,1.048315416
2,10,3,1,1,0.964571202,1.083134894
2,10,4,1,1,0.97841404,1.105796516
2,10,5,1,1,0.989892332,1.10815615
2,10,6,1,1,0.963916896,1
2,10,7,1,1,0.971081579,1
2,10,8,1,1,0.976599189,1
2,10,9,1,1,1,1
2,10,10,1,1,1,1
2,10,11,1,1,1,1
2,10,12,1,1,1,1
2,10,13,1,1,1,1
2,10,14,1,1,1,1
2,10,15,1,1,1,1
2,10,16,1,1,1,1
2,10,17,1,1,1,1
2,10,18,1,1,1,1
2,10,19,1,1,1,1
2,10,20,1,1,1,1
2,10,21,1,1,1,1
2,11,1,1,1,0.924800751,0.998709449
2,11,2,1,1,0.944019325,1.048166925
2,11,3,1,1,0.960395428,1.08298147
2,11,4,1,1,0.974178339,1.105639883
2,11,5,1,1,0.985606939,1.107999183
2,11,6,1,1,0.959743955,1
2,11,7,1,1,0.966877621,1
2,11,8,1,1,0.972371344,1
2,11,9,1,1,1,1
2,11,10,1,1,1,1
2,11,11,1,1,1,1
2,11,12,1,1,1,1
2,11,13,1,1,1,1
2,11,14,1,1,1,1
2,11,15,1,1,1,1
2,11,16,1,1,1,1
2,11,17,1,1,1,1
2,11,18,1,1,1,1
2,11,19,1,1,1,1
2,11,20,1,1,1,1
2,11,21,1,1,1,1
2,12,1,1,1,0.920141639,1.000989488
2,12,2,1,1,0.939263391,1.050559875
2,12,3,1,1,0.955556992,1.085453902
2,12,4,1,1,0.969270465,1.108164043
2,12,5,1,1,0.980641489,1.110528729
2,12,6,1,1,0.954908801,1
2,12,7,1,1,0.962006528,1
2,12,8,1,1,0.967472574,1
2,12,9,1,1,1,1
2,12,10,1,1,1,1
2,12,11,1,1,1,1
2,12,12,1,1,1,1
2,12,13,1,1,1,1
2,12,14,1,1,1,1
2,12,15,1,1,1,1
2,12,16,1,1,1,1
2,12,17,1,1,1,1
2,12,18,1,1,1,1
2,12,19,1,1,1,1
2,12,20,1,1,1,1
2,12,21,1,1,1,1
2,13,1,1,1,0.917128394,1.000457555
2,13,2,1,1,0.936187527,1.050001599
2,13,3,1,1,0.95242777,1.084877083
2,13,4,1,1,0.966096335,1.107575156
2,13,5,1,1,0.977430121,1.109938585
2,13,6,1,1,0.951781702,1
2,13,7,1,1,0.958856186,1
2,13,8,1,1,0.964304331,1
2,13,9,1,1,1,1
2,13,10,1,1,1,1
2,13,11,1,1,1,1
2,13,12,1,1,1,1
2,13,13,1,1,1,1
2,13,14,1,1,1,1
2,13,15,1,1,1,1
2,13,16,1,1,1,1
2,13,17,1,1,1,1
2,13,18,1,1,1,1
2,13,19,1,1,1,1
2,13,20,1,1,1,1
2,13,21,1,1,1,1
2,14,1,1,1,0.915794973,1.003415523
2,14,2,1,1,0.934826395,1.05310605
2,14,3,1,1,0.951043027,1.088084648
2,14,4,1,1,0.964691718,1.11084983
2,14,5,1,1,0.976009026,1.113220247
2,14,6,1,1,0.950397898,1
2,14,7,1,1,0.957462096,1
2,14,8,1,1,0.96290232,1
2,14,9,1,1,1,1
2,14,10,1,1,1,1
2,14,11,1,1,1,1
2,14,12,1,1,1,1
2,14,13,1,1,1,1
2,14,14,1,1,1,1
2,14,15,1,1,1,1
2,14,16,1,1,1,1
2,14,17,1,1,1,1
2,14,18,1,1,1,1
2,14,19,1,1,1,1
2,14,20,1,1,1,1
2,14,21,1,1,1,1
2,15,1,1,1,0.912142621,1.006815005
2,15,2,1,1,0.931098143,1.056673879
2,15,3,1,1,0.9472501,1.09177098
2,15,4,1,1,0.960844358,1.114613289
2,15,5,1,1,0.972116531,1.116991737
2,15,6,1,1,0.946607544,1
2,15,7,1,1,0.953643569,1
2,15,8,1,1,0.959062096,1
2,15,9,1,1,1,1
2,15,10,1,1,1,1
2,15,11,1,1,1,1
2,15,12,1,1,1,1
2,15,13,1,1,1,1
2,15,14,1,1,1,1
2,15,15,1,1,1,1
2,15,16,1,1,1,1
2,15,17,1,1,1,1
2,15,18,1,1,1,1
2,15,19,1,1,1,1
2,15,20,1,1,1,1
2,15,21,1,1,1,1
2,16,1,1,1,0.91073716,1.007011889
2,16,2,1,1,0.929663475,1.056880514
2,16,3,1,1,0.945790544,1.091984478
2,16,4,1,1,0.959363856,1.114831254
2,16,5,1,1,0.97061866,1.117210167
2,16,6,1,1,0.945148978,1
2,16,7,1,1,0.952174161,1
2,16,8,1,1,0.95758434,1
2,16,9,1,1,1,1
2,16,10,1,1,1,1
2,16,11,1,1,1,1
2,16,12,1,1,1,1
2,16,13,1,1,1,1
2,16,14,1,1,1,1
2,16,15,1,1,1,1
2,16,16,1,1,1,1
2,16,17,1,1,1,1
2,16,18,1,1,1,1
2,16,19,1,1,1,1
2,16,20,1,1,1,1
2,16,21,1,1,1,1
2,17,1,1,1,0.908943217,1.009730844
2,17,2,1,1,0.927832251,1.059734115
2,17,3,1,1,0.943927554,1.094932862
2,17,4,1,1,0.957474129,1.117841324
2,17,5,1,1,0.968706764,1.12022666
2,17,6,1,1,0.943287251,1
2,17,7,1,1,0.950298597,1
2,17,8,1,1,0.955698119,1
2,17,9,1,1,1,1
2,17,10,1,1,1,1
2,17,11,1,1,1,1
2,17,12,1,1,1,1
2,17,13,1,1,1,1
2,17,14,1,1,1,1
2,17,15,1,1,1,1
2,17,16,1,1,1,1
2,17,17,1,1,1,1
2,17,18,1,1,1,1
2,17,19,1,1,1,1
2,17,20,1,1,1,1
2,17,21,1,1,1,1
2,18,1,1,1,0.908238215,1.011975182
2,18,2,1,1,0.927112599,1.062089596
2,18,3,1,1,0.943195417,1.097366579
2,18,4,1,1,0.956731485,1.12032596
2,18,5,1,1,0.967955408,1.122716598
2,18,6,1,1,0.942555612,1.001800607
2,18,7,1,1,0.949561519,1.001800607
2,18,8,1,1,0.954956853,1.001800607
2,18,9,1,1,1,1.001800607
2,18,10,1,1,1,1.001800607
2,18,11,1,1,1,1.001800607
2,18,12,1,1,1,1.001800607
2,18,13,1,1,1,1.001800607
2,18,14,1,1,1,1.001800607
2,18,15,1,1,1,1.001800607
2,18,16,1,1,1,1.001800607
2,18,17,1,1,1,1.001800607
2,18,18,1,1,1,1.001800607
2,18,19,1,1,1,1.001800607
2,18,20,1,1,1,1.001800607
2,18,21,1,1,1,1.001800607
3,7,1,0.664355386,0.605361886,0.970827567,0.86663176
3,7,2,0.748228434,0.666029138,0.991002639,0.909548565
3,7,3,0.816084758,0.720627439,1.008193772,0.939758944
3,7,4,0.869990118,0.769168749,1.02266265,0.959420819
3,7,5,0.911875443,0.811703531,1.034660046,0.961468105
3,7,6,1.007455541,1.005308472,1.03680413,1.015307446
3,7,7,1.032119068,1.041840379,1.044510575,1.015307446
3,7,8,1.049269721,1.068230249,1.050445402,1.015307446
3,7,9,1.060393392,1.068230249,1.05470975,1.015307446
3,7,10,1.066832008,1.068230249,1.05470975,1.015307446
3,7,11,1.067616555,1.068230249,1.05470975,1.015307446
3,7,12,1.067616555,1.068230249,1.05470975,1.015307446
3,7,13,1.067616555,1.068230249,1.05470975,1.015307446
3,7,14,1.067616555,1.068230249,1.05470975,1.015307446
3,7,15,1.067616555,1.068230249,1.05470975,1.015307446
3,7,16,1.067616555,1.068230249,1.05470975,1.015307446
3,7,17,1.067616555,1.068230249,1.05470975,1.015307446
3,7,18,1.067616555,1.068230249,1.05470975,1.015307446
3,7,19,1.067616555,1.068230249,1.05470975,1.015307446
3,7,20,1.067616555,1.068230249,1.05470975,1.015307446
3,7,21,1.067616555,1.068230249,1.05470975,1.015307446
3,8,1,0.64881184,0.588869299,0.946800352,0.876602867
3,8,2,0.730722558,0.647883721,0.966476107,0.920013456
3,8,3,0.796991287,0.700994536,0.983241773,0.950571423
3,8,4,0.849635454,0.748213378,0.997352558,0.970459519
3,8,5,0.890540812,0.789589335,1.009053027,0.97253036
3,8,6,0.983884677,0.977919668,1.011144047,1.026989154
3,8,7,1.007971165,1.013456293,1.018659764,1.026989154
3,8,8,1.024720554,1.039127193,1.024447709,1.026989154
3,8,9,1.03558397,1.039127193,1.028606517,1.026989154
3,8,10,1.041871946,1.039127193,1.028606517,1.026989154
3,8,11,1.042638138,1.039127193,1.028606517,1.026989154
3,8,12,1.042638138,1.039127193,1.028606517,1.026989154
3,8,13,1.042638138,1.039127193,1.028606517,1.026989154
3,8,14,1.042638138,1.039127193,1.028606517,1.026989154
3,8,15,1.042638138,1.039127193,1.028606517,1.026989154
3,8,16,1.042638138,1.039127193,1.028606517,1.026989154
3,8,17,1.042638138,1.039127193,1.028606517,1.026989154
3,8,18,1.042638138,1.039127193,1.028606517,1.026989154
3,8,19,1.042638138,1.039127193,1.028606517,1.026989154
3,8,20,1.042638138,1.039127193,1.028606517,1.026989154
3,8,21,1.042638138,1.039127193,1.028606517,1.026989154
3,9,1,0.644519119,0.582713447,0.942495504,0.875454493
3,9,2,0.725887892,0.641110951,0.962081799,0.918808212
3,9,3,0.791718168,0.693666563,0.978771235,0.949326148
3,9,4,0.844014026,0.740391794,0.992817862,0.96918819
3,9,5,0.884648743,0.78133522,1.004465133,0.971256318
3,9,6,0.977375019,0.967696808,1.006546646,1.02564377
3,9,7,1.001302144,1.002861945,1.014028191,1.02564377
3,9,8,1.017940714,1.028264489,1.019789819,1.02564377
3,9,9,1.028732255,1.028264489,1.023929719,1.02564377
3,9,10,1.034978628,1.028264489,1.023929719,1.02564377
3,9,11,1.03573975,1.028264489,1.023929719,1.02564377
3,9,12,1.03573975,1.028264489,1.023929719,1.02564377
3,9,13,1.03573975,1.028264489,1.023929719,1.02564377
3,9,14,1.03573975,1.028264489,1.023929719,1.02564377
3,9,15,1.03573975,1.028264489,1.023929719,1.02564377
3,9,16,1.03573975,1.028264489,1.023929719,1.02564377
3,9,17,1.03573975,1.028264489,1.023929719,1.02564377
3,9,18,1.03573975,1.028264489,1.023929719,1.02564377
3,9,19,1.03573975,1.028264489,1.023929719,1.02564377
3,9,20,1.03573975,1.028264489,1.023929719,1.02564377
3,9,21,1.03573975,1.028264489,1.023929719,1.02564377
3,10,1,0.638812866,0.57686034,0.939588379,0.875739817
3,10,2,0.719461241,0.634671267,0.959114259,0.919107666
3,10,3,0.784708689,0.68669898,0.975752218,0.949635548
3,10,4,0.836541545,0.732954876,0.989755518,0.969504063
3,10,5,0.876816502,0.773487043,1.001366862,0.971572866
3,10,6,0.968721825,0.957976709,1.003441955,1.025978043
3,10,7,0.992437112,0.992788627,1.010900423,1.025978043
3,10,8,1.008928373,1.017936014,1.01664428,1.025978043
3,10,9,1.01962437,1.017936014,1.020771409,1.025978043
3,10,10,1.025815441,1.017936014,1.020771409,1.025978043
3,10,11,1.026569824,1.017936014,1.020771409,1.025978043
3,10,12,1.026569824,1.017936014,1.020771409,1.025978043
3,10,13,1.026569824,1.017936014,1.020771409,1.025978043
3,10,14,1.026569824,1.017936014,1.020771409,1.025978043
3,10,15,1.026569824,1.017936014,1.020771409,1.025978043
3,10,16,1.026569824,1.017936014,1.020771409,1.025978043
3,10,17,1.026569824,1.017936014,1.020771409,1.025978043
3,10,18,1.026569824,1.017936014,1.020771409,1.025978043
3,10,19,1.026569824,1.017936014,1.020771409,1.025978043
3,10,20,1.026569824,1.017936014,1.020771409,1.025978043
3,10,21,1.026569824,1.017936014,1.020771409,1.025978043
3,11,1,0.633510832,0.57101013,0.935520759,0.87561577
3,11,2,0.71348984,0.62823477,0.95496211,0.918977477
3,11,3,0.778195745,0.679734845,0.97152804,0.949501034
3,11,4,0.829598398,0.725521639,0.985470717,0.969366735
3,11,5,0.86953908,0.76564275,0.997031795,0.971435245
3,11,6,0.960681605,0.94826142,0.999097904,1.025832716
3,11,7,0.984200059,0.982720294,1.006524083,1.025832716
3,11,8,1.000554445,1.00761265,1.012243074,1.025832716
3,11,9,1.011161668,1.00761265,1.016352337,1.025832716
3,11,10,1.017301354,1.00761265,1.016352337,1.025832716
3,11,11,1.018049476,1.00761265,1.016352337,1.025832716
3,11,12,1.018049476,1.00761265,1.016352337,1.025832716
3,11,13,1.018049476,1.00761265,1.016352337,1.025832716
3,11,14,1.018049476,1.00761265,1.016352337,1.025832716
3,11,15,1.018049476,1.00761265,1.016352337,1.025832716
3,11,16,1.018049476,1.00761265,1.016352337,1.025832716
3,11,17,1.018049476,1.00761265,1.016352337,1.025832716
3,11,18,1.018049476,1.00761265,1.016352337,1.025832716
3,11,19,1.018049476,1.00761265,1.016352337,1.025832716
3,11,20,1.018049476,1.00761265,1.016352337,1.025832716
3,11,21,1.018049476,1.00761265,1.016352337,1.025832716
3,12,1,0.628861479,0.564852262,0.930807641,0.877614789
3,12,2,0.708253519,0.62145978,0.950151046,0.921075489
3,12,3,0.772484546,0.672404471,0.966633518,0.951668732
3,12,4,0.823509953,0.717697492,0.980505953,0.971579786
3,12,5,0.863157509,0.75738593,0.992008786,0.973653018
3,12,6,0.953631138,0.93803521,0.994064486,1.028174677
3,12,7,0.976976989,0.972122474,1.001453252,1.028174677
3,12,8,0.99321135,1,1.007143431,1.028174677
3,12,9,1.003740726,1,1.011231992,1.028174677
3,12,10,1.009835352,1,1.011231992,1.028174677
3,12,11,1.010577984,1,1.011231992,1.028174677
3,12,12,1.010577984,1,1.011231992,1.028174677
3,12,13,1.010577984,1,1.011231992,1.028174677
3,12,14,1.010577984,1,1.011231992,1.028174677
3,12,15,1.010577984,1,1.011231992,1.028174677
3,12,16,1.010577984,1,1.011231992,1.028174677
3,12,17,1.010577984,1,1.011231992,1.028174677
3,12,18,1.010577984,1,1.011231992,1.028174677
3,12,19,1.010577984,1,1.011231992,1.028174677
3,12,20,1.010577984,1,1.011231992,1.028174677
3,12,21,1.010577984,1,1.011231992,1.028174677
3,13,1,0.625627243,0.56111016,0.927759467,0.877148417
3,13,2,0.704610968,0.617342658,0.947039528,0.920586023
3,13,3,0.768511655,0.667949844,0.963468023,0.951163007
3,13,4,0.819274639,0.712942802,0.977295029,0.971063481
3,13,5,0.858718287,0.752368308,0.988760193,0.973135611
3,13,6,0.948726609,0.931820801,0.990809161,1.027628297
3,13,7,0.971952392,0.965682239,0.998173731,1.027628297
3,13,8,0.98810326,1,1.003845276,1.027628297
3,13,9,0.998578484,1,1.007920447,1.027628297
3,13,10,1.004641765,1,1.007920447,1.027628297
3,13,11,1.005380578,1,1.007920447,1.027628297
3,13,12,1.005380578,1,1.007920447,1.027628297
3,13,13,1.005380578,1,1.007920447,1.027628297
3,13,14,1.005380578,1,1.007920447,1.027628297
3,13,15,1.005380578,1,1.007920447,1.027628297
3,13,16,1.005380578,1,1.007920447,1.027628297
3,13,17,1.005380578,1,1.007920447,1.027628297
3,13,18,1.005380578,1,1.007920447,1.027628297
3,13,19,1.005380578,1,1.007920447,1.027628297
3,13,20,1.005380578,1,1.007920447,1.027628297
3,13,21,1.005380578,1,1.007920447,1.027628297
3,14,1,0.622291875,0.556915837,0.926410589,0.879741808
3,14,2,0.70085452,0.612727995,0.945662618,0.923307842
3,14,3,0.764414537,0.66295689,0.962067228,0.953975231
3,14,4,0.814906891,0.707613524,0.975874131,0.973934542
3,14,5,0.854140256,0.746744322,0.987322626,0.976012799
3,14,6,0.943668723,0.9248554,0.989368615,1.030666599
3,14,7,0.966770684,0.958463722,0.996722477,1.030666599
3,14,8,0.982835447,1,1.002385776,1.030666599
3,14,9,0.993254825,1,1.006455023,1.030666599
3,14,10,0.999285782,1,1.006455023,1.030666599
3,14,11,1.000020656,1,1.006455023,1.030666599
3,14,12,1.000020656,1,1.006455023,1.030666599
3,14,13,1.000020656,1,1.006455023,1.030666599
3,14,14,1.000020656,1,1.006455023,1.030666599
3,14,15,1.000020656,1,1.006455023,1.030666599
3,14,16,1.000020656,1,1.006455023,1.030666599
3,14,17,1.000020656,1,1.006455023,1.030666599
3,14,18,1.000020656,1,1.006455023,1.030666599
3,14,19,1.000020656,1,1.006455023,1.030666599
3,14,20,1.000020656,1,1.006455023,1.030666599
3,14,21,1.000020656,1,1.006455023,1.030666599
3,15,1,0.618082914,0.552872367,0.922715901,0.882722294
3,15,2,0.696114189,0.608279303,0.941891149,0.926435925
3,15,3,0.759244309,0.658143512,0.958230335,0.957207213
3,15,4,0.80939515,0.702475918,0.971982173,0.977234144
3,15,5,0.848363155,0.741322609,0.983385009,0.979319442
3,15,6,0.937286082,0.918140516,0.985422838,1.034158405
3,15,7,0.96023179,0.951504827,0.992747373,1.034158405
3,15,8,0.976187897,1,0.998388085,1.034158405
3,15,9,0.986536802,1,1.002441103,1.034158405
3,15,10,0.992526968,1,1.002441103,1.034158405
3,15,11,1,1,1.002441103,1.034158405
3,15,12,1,1,1.002441103,1.034158405
3,15,13,1,1,1.002441103,1.034158405
3,15,14,1,1,1.002441103,1.034158405
3,15,15,1,1,1.002441103,1.034158405
3,15,16,1,1,1.002441103,1.034158405
3,15,17,1,1,1.002441103,1.034158405
3,15,18,1,1,1.002441103,1.034158405
3,15,19,1,1,1.002441103,1.034158405
3,15,20,1,1,1.002441103,1.034158405
3,15,21,1,1,1.002441103,1.034158405
3,16,1,0.616485402,0.551444813,0.921294148,0.882894912
3,16,2,0.694314995,0.606708684,0.940439851,0.926617092
3,16,3,0.757281947,0.656444141,0.95675386,0.957394397
3,16,4,0.807303168,0.700662078,0.970484509,0.977425245
3,16,5,0.846170454,0.739408463,0.981869776,0.97951095
3,16,6,0.934863549,0.915769815,0.983904465,1.034360636
3,16,7,0.957749951,0.949047976,0.991217713,1.034360636
3,16,8,0.973664818,1,0.996849734,1.034360636
3,16,9,0.983986974,1,1.000896507,1.034360636
3,16,10,0.989961658,1,1.000896507,1.034360636
3,16,11,1,1,1.000896507,1.034360636
3,16,12,1,1,1.000896507,1.034360636
3,16,13,1,1,1.000896507,1.034360636
3,16,14,1,1,1.000896507,1.034360636
3,16,15,1,1,1.000896507,1.034360636
3,16,16,1,1,1.000896507,1.034360636
3,16,17,1,1,1.000896507,1.034360636
3,16,18,1,1,1.000896507,1.034360636
3,16,19,1,1,1.000896507,1.034360636
3,16,20,1,1,1.000896507,1.034360636
3,16,21,1,1,1.000896507,1.034360636
3,17,1,0.612930246,0.546282133,0.91947941,0.885278749
3,17,2,0.690311011,0.601028619,0.9385874,0.929118979
3,17,3,0.752914844,0.650298447,0.954869274,0.959979384
3,17,4,0.802647602,0.694102411,0.968572877,0.980064315
3,17,5,0.841290749,0.73248605,0.979935717,0.982155652
3,17,6,0.929472367,0.907196289,0.981966399,1.037153434
3,17,7,0.952226787,0.940162897,0.989265242,1.037153434
3,17,8,0.968049876,1,0.994886169,1.037153434
3,17,9,0.978312507,1,1,1.037153434
3,17,10,0.984252735,1,1,1.037153434
3,17,11,1,1,1,1.037153434
3,17,12,1,1,1,1.037153434
3,17,13,1,1,1,1.037153434
3,17,14,1,1,1,1.037153434
3,17,15,1,1,1,1.037153434
3,17,16,1,1,1,1.037153434
3,17,17,1,1,1,1.037153434
3,17,18,1,1,1,1.037153434
3,17,19,1,1,1,1.037153434
3,17,20,1,1,1,1.037153434
3,17,21,1,1,1,1.037153434
3,18,1,0.612437954,0.544962401,0.918766236,0.887246466
3,18,2,0.689756569,0.599576628,0.937859405,0.93118414
3,18,3,0.75231012,0.648727428,0.954128651,0.962113138
3,18,4,0.802002933,0.692425569,0.967821625,0.982242713
3,18,5,0.840615042,0.730716478,0.979175652,0.984338698
3,18,6,0.928725836,0.905004645,0.981204758,1.039458724
3,18,7,0.95146198,0.937891611,0.98849794,1.039458724
3,18,8,0.96727236,1,0.994114508,1.039458724
3,18,9,0.977526748,1,1,1.039458724
3,18,10,0.983462205,1,1,1.039458724
3,18,11,1,1,1,1.039458724
3,18,12,1,1,1,1.039458724
3,18,13,1,1,1,1.039458724
3,18,14,1,1,1,1.039458724
3,18,15,1,1,1,1.039458724
3,18,16,1,1,1,1.039458724
3,18,17,1,1,1,1.039458724
3,18,18,1,1,1,1.039458724
3,18,19,1,1,1,1.039458724
3,18,20,1,1,1,1.039458724
3,18,21,1,1,1,1.039458724
4,7,1,0.695817224,0.713609845,0.980735755,0.798324207
4,7,2,0.783662243,0.785125329,1.001116732,0.837858328
4,7,3,0.854732035,0.849486641,1.018483317,0.865687537
4,7,4,0.911190188,0.906707879,1.033099863,0.883799671
4,7,5,0.955059074,0.95684853,1.045219703,0.885685591
4,7,6,1.052281004,1.053907248,1.066588494,1.030893297
4,7,7,1.078041903,1.092205186,1.074516324,1.030893297
4,7,8,1.095955653,1.1198708,1.080621641,1.030893297
4,7,9,1.107574257,1.1198708,1.085008491,1.030893297
4,7,10,1.114299352,1.1198708,1.085008491,1.030893297
4,7,11,1.115118806,1.1198708,1.085008491,1.030893297
4,7,12,1.115118806,1.1198708,1.085008491,1.030893297
4,7,13,1.115118806,1.1198708,1.085008491,1.030893297
4,7,14,1.115118806,1.1198708,1.085008491,1.030893297
4,7,15,1.115118806,1.1198708,1.085008491,1.030893297
4,7,16,1.115118806,1.1198708,1.085008491,1.030893297
4,7,17,1.115118806,1.1198708,1.085008491,1.030893297
4,7,18,1.115118806,1.1198708,1.085008491,1.030893297
4,7,19,1.115118806,1.1198708,1.085008491,1.030893297
4,7,20,1.115118806,1.1198708,1.085008491,1.030893297
4,7,21,1.115118806,1.1198708,1.085008491,1.030893297
4,8,1,0.679537584,0.694168131,0.956463321,0.807509395
4,8,2,0.765327343,0.763735234,0.976339885,0.84749838
4,8,3,0.834734356,0.826343075,0.99327666,0.875647781
4,8,4,0.889871589,0.882005367,1.007531458,0.893968305
4,8,5,0.932714099,0.930779978,1.019351342,0.895875924
4,8,6,1.027661383,1.025194411,1.040191272,1.04275433
4,8,7,1.052819569,1.062448953,1.047922894,1.04275433
4,8,8,1.070314202,1.089360839,1.05387711,1.04275433
4,8,9,1.081660972,1.089360839,1.058155388,1.04275433
4,8,10,1.088228723,1.089360839,1.058155388,1.04275433
4,8,11,1.089029005,1.089360839,1.058155388,1.04275433
4,8,12,1.089029005,1.089360839,1.058155388,1.04275433
4,8,13,1.089029005,1.089360839,1.058155388,1.04275433
4,8,14,1.089029005,1.089360839,1.058155388,1.04275433
4,8,15,1.089029005,1.089360839,1.058155388,1.04275433
4,8,16,1.089029005,1.089360839,1.058155388,1.04275433
4,8,17,1.089029005,1.089360839,1.058155388,1.04275433
4,8,18,1.089029005,1.089360839,1.058155388,1.04275433
4,8,19,1.089029005,1.089360839,1.058155388,1.04275433
4,8,20,1.089029005,1.089360839,1.058155388,1.04275433
4,8,21,1.089029005,1.089360839,1.058155388,1.04275433
4,9,1,0.675041572,0.686911519,0.952114538,0.806451536
4,9,2,0.760263721,0.75575139,0.971900728,0.846388133
4,9,3,0.829211518,0.817704748,0.988760496,0.874500658
4,9,4,0.883983948,0.872785165,1.002950482,0.892797182
4,9,5,0.926543,0.921049901,1.014716624,0.894702301
4,9,6,1.020862086,1.014477356,1.035461801,1.041388293
4,9,7,1.045853819,1.051342451,1.043158269,1.041388293
4,9,8,1.063232701,1.077973009,1.049085412,1.041388293
4,9,9,1.074504398,1.077973009,1.053344239,1.041388293
4,9,10,1.081028695,1.077973009,1.053344239,1.041388293
4,9,11,1.081823683,1.077973009,1.053344239,1.041388293
4,9,12,1.081823683,1.077973009,1.053344239,1.041388293
4,9,13,1.081823683,1.077973009,1.053344239,1.041388293
4,9,14,1.081823683,1.077973009,1.053344239,1.041388293
4,9,15,1.081823683,1.077973009,1.053344239,1.041388293
4,9,16,1.081823683,1.077973009,1.053344239,1.041388293
4,9,17,1.081823683,1.077973009,1.053344239,1.041388293
4,9,18,1.081823683,1.077973009,1.053344239,1.041388293
4,9,19,1.081823683,1.077973009,1.053344239,1.041388293
4,9,20,1.081823683,1.077973009,1.053344239,1.041388293
4,9,21,1.081823683,1.077973009,1.053344239,1.041388293
4,10,1,0.669065089,0.680011787,0.949177742,0.806714371
4,10,2,0.753532724,0.748160191,0.968902903,0.846663984
4,10,3,0.821870091,0.809491254,0.985710666,0.874785671
4,10,4,0.876157593,0.864018412,0.999856883,0.893088158
4,10,5,0.918339848,0.91179835,1.011586732,0.894993899
4,10,6,1.01182388,1.004287366,1.032267921,1.041727697
4,10,7,1.036594348,1.040782167,1.039940649,1.041727697
4,10,8,1.053819367,1.067145232,1.04584951,1.041727697
4,10,9,1.06499127,1.067145232,1.050095201,1.041727697
4,10,10,1.071457804,1.067145232,1.050095201,1.041727697
4,10,11,1.072245753,1.067145232,1.050095201,1.041727697
4,10,12,1.072245753,1.067145232,1.050095201,1.041727697
4,10,13,1.072245753,1.067145232,1.050095201,1.041727697
4,10,14,1.072245753,1.067145232,1.050095201,1.041727697
4,10,15,1.072245753,1.067145232,1.050095201,1.041727697
4,10,16,1.072245753,1.067145232,1.050095201,1.041727697
4,10,17,1.072245753,1.067145232,1.050095201,1.041727697
4,10,18,1.072245753,1.067145232,1.050095201,1.041727697
4,10,19,1.072245753,1.067145232,1.050095201,1.041727697
4,10,20,1.072245753,1.067145232,1.050095201,1.041727697
4,10,21,1.072245753,1.067145232,1.050095201,1.041727697
4,11,1,0.663511967,0.67311547,0.945068609,0.806600101
4,11,2,0.747278535,0.74057275,0.964708376,0.846544056
4,11,3,0.815048714,0.801281826,0.981443377,0.87466176
4,11,4,0.86888564,0.855255998,0.995528352,0.892961654
4,11,5,0.91071779,0.902551378,1.007207421,0.894867125
4,11,6,1.00342592,0.994102419,1.027799078,1.041580139
4,11,7,1.027990798,1.030227109,1.03543859,1.041580139
4,11,8,1.045072852,1.056322815,1.041321871,1.041580139
4,11,9,1.05615203,1.056322815,1.045549181,1.041580139
4,11,10,1.062564893,1.056322815,1.045549181,1.041580139
4,11,11,1.063346302,1.056322815,1.045549181,1.041580139
4,11,12,1.063346302,1.056322815,1.045549181,1.041580139
4,11,13,1.063346302,1.056322815,1.045549181,1.041580139
4,11,14,1.063346302,1.056322815,1.045549181,1.041580139
4,11,15,1.063346302,1.056322815,1.045549181,1.041580139
4,11,16,1.063346302,1.056322815,1.045549181,1.041580139
4,11,17,1.063346302,1.056322815,1.045549181,1.041580139
4,11,18,1.063346302,1.056322815,1.045549181,1.041580139
4,11,19,1.063346302,1.056322815,1.045549181,1.041580139
4,11,20,1.063346302,1.056322815,1.045549181,1.041580139
4,11,21,1.063346302,1.056322815,1.045549181,1.041580139
4,12,1,0.658642435,0.66585648,0.940307389,0.808441558
4,12,2,0.741794238,0.732586289,0.959848212,0.848476704
4,12,3,0.80906705,0.792640669,0.976498902,0.8766586
4,12,4,0.862508865,0.846032774,0.990512918,0.895000273
4,12,5,0.904034008,0.892818112,1.002133148,0.896910094
4,12,6,0.996061751,0.983381852,1.022621065,1.043958052
4,12,7,1.020446346,1.019116967,1.030222089,1.043958052
4,12,8,1.037403035,1.044931252,1.03607573,1.043958052
4,12,9,1.048400902,1.044931252,1.040281743,1.043958052
4,12,10,1.054766701,1.044931252,1.040281743,1.043958052
4,12,11,1.055542376,1.044931252,1.040281743,1.043958052
4,12,12,1.055542376,1.044931252,1.040281743,1.043958052
4,12,13,1.055542376,1.044931252,1.040281743,1.043958052
4,12,14,1.055542376,1.044931252,1.040281743,1.043958052
4,12,15,1.055542376,1.044931252,1.040281743,1.043958052
4,12,16,1.055542376,1.044931252,1.040281743,1.043958052
4,12,17,1.055542376,1.044931252,1.040281743,1.043958052
4,12,18,1.055542376,1.044931252,1.040281743,1.043958052
4,12,19,1.055542376,1.044931252,1.040281743,1.043958052
4,12,20,1.055542376,1.044931252,1.040281743,1.043958052
4,12,21,1.055542376,1.044931252,1.040281743,1.043958052
4,13,1,0.655255034,0.661445234,0.937228106,0.808011946
4,13,2,0.737979188,0.727732963,0.956704937,0.848025817
4,13,3,0.804906015,0.787389486,0.9733011,0.876192737
4,13,4,0.858072979,0.840427874,0.987269224,0.894524663
4,13,5,0.899384558,0.886903263,0.9988514,0.896433469
4,13,6,0.990939002,0.976867025,1.019272224,1.043403284
4,13,7,1.015198187,1.012365398,1.026848357,1.043403284
4,13,8,1.032067667,1.038008665,1.032682829,1.043403284
4,13,9,1.043008973,1.038008665,1.036875068,1.043403284
4,13,10,1.049342032,1.038008665,1.036875068,1.043403284
4,13,11,1.050113717,1.038008665,1.036875068,1.043403284
4,13,12,1.050113717,1.038008665,1.036875068,1.043403284
4,13,13,1.050113717,1.038008665,1.036875068,1.043403284
4,13,14,1.050113717,1.038008665,1.036875068,1.043403284
4,13,15,1.050113717,1.038008665,1.036875068,1.043403284
4,13,16,1.050113717,1.038008665,1.036875068,1.043403284
4,13,17,1.050113717,1.038008665,1.036875068,1.043403284
4,13,18,1.050113717,1.038008665,1.036875068,1.043403284
4,13,19,1.050113717,1.038008665,1.036875068,1.043403284
4,13,20,1.050113717,1.038008665,1.036875068,1.043403284
4,13,21,1.050113717,1.038008665,1.036875068,1.043403284
4,14,1,0.651761714,0.656500902,0.935865462,0.810400927
4,14,2,0.734044846,0.722293127,0.955313975,0.850533104
4,14,3,0.800614871,0.781503716,0.971886009,0.878783302
4,14,4,0.853498388,0.834145639,0.985833824,0.897169429
4,14,5,0.894589725,0.880273622,0.997399161,0.899083878
4,14,6,0.985656071,0.969564901,1.017790295,1.046488227
4,14,7,1.009785925,1.004797923,1.025355413,1.046488227
4,14,8,1.02656547,1.030249506,1.031181402,1.046488227
4,14,9,1.037448445,1.030249506,1.035367546,1.046488227
4,14,10,1.043747741,1.030249506,1.035367546,1.046488227
4,14,11,1.044515312,1.030249506,1.035367546,1.046488227
4,14,12,1.044515312,1.030249506,1.035367546,1.046488227
4,14,13,1.044515312,1.030249506,1.035367546,1.046488227
4,14,14,1.044515312,1.030249506,1.035367546,1.046488227
4,14,15,1.044515312,1.030249506,1.035367546,1.046488227
4,14,16,1.044515312,1.030249506,1.035367546,1.046488227
4,14,17,1.044515312,1.030249506,1.035367546,1.046488227
4,14,18,1.044515312,1.030249506,1.035367546,1.046488227
4,14,19,1.044515312,1.030249506,1.035367546,1.046488227
4,14,20,1.044515312,1.030249506,1.035367546,1.046488227
4,14,21,1.044515312,1.030249506,1.035367546,1.046488227
4,15,1,0.64735343,0.651734398,0.932133065,0.813146492
4,15,2,0.729080027,0.717048941,0.951504015,0.853414633
4,15,3,0.795199796,0.775829633,0.968009957,0.881760541
4,15,4,0.847725628,0.828089351,0.981902145,0.900208958
4,15,5,0.888539038,0.873882423,0.993421358,0.902129893
4,15,6,0.978989443,0.962525406,1.013731168,1.050033634
4,15,7,1.002956091,0.997502619,1.021266115,1.050033634
4,15,8,1.019622145,1.022769411,1.027068869,1.050033634
4,15,9,1.030431512,1.022769411,1.031238318,1.050033634
4,15,10,1.036688202,1.022769411,1.031238318,1.050033634
4,15,11,1.037450581,1.022769411,1.031238318,1.050033634
4,15,12,1.037450581,1.022769411,1.031238318,1.050033634
4,15,13,1.037450581,1.022769411,1.031238318,1.050033634
4,15,14,1.037450581,1.022769411,1.031238318,1.050033634
4,15,15,1.037450581,1.022769411,1.031238318,1.050033634
4,15,16,1.037450581,1.022769411,1.031238318,1.050033634
4,15,17,1.037450581,1.022769411,1.031238318,1.050033634
4,15,18,1.037450581,1.022769411,1.031238318,1.050033634
4,15,19,1.037450581,1.022769411,1.031238318,1.050033634
4,15,20,1.037450581,1.022769411,1.031238318,1.050033634
4,15,21,1.037450581,1.022769411,1.031238318,1.050033634
4,16,1,0.645680264,0.650051575,0.930696802,0.813305504
4,16,2,0.727195629,0.715197471,0.950037904,0.85358152
4,16,3,0.793144503,0.773826388,0.966518413,0.881932971
4,16,4,0.845534575,0.825951168,0.980389196,0.900384996
4,16,5,0.886242498,0.871625999,0.99189066,0.902306307
4,16,6,0.976459123,0.9600401,1.012169176,1.050238971
4,16,7,1.000363826,0.994926999,1.019692513,1.050238971
4,16,8,1.016986804,1.020128551,1.025486326,1.050238971
4,16,9,1.027768233,1.020128551,1.02964935,1.050238971
4,16,10,1.034008752,1.020128551,1.02964935,1.050238971
4,16,11,1.034769161,1.020128551,1.02964935,1.050238971
4,16,12,1.034769161,1.020128551,1.02964935,1.050238971
4,16,13,1.034769161,1.020128551,1.02964935,1.050238971
4,16,14,1.034769161,1.020128551,1.02964935,1.050238971
4,16,15,1.034769161,1.020128551,1.02964935,1.050238971
4,16,16,1.034769161,1.020128551,1.02964935,1.050238971
4,16,17,1.034769161,1.020128551,1.02964935,1.050238971
4,16,18,1.034769161,1.020128551,1.02964935,1.050238971
4,16,19,1.034769161,1.020128551,1.02964935,1.050238971
4,16,20,1.034769161,1.020128551,1.02964935,1.050238971
4,16,21,1.034769161,1.020128551,1.02964935,1.050238971
4,17,1,0.641956747,0.643965729,0.928863543,0.815501448
4,17,2,0.723002028,0.708501723,0.948166548,0.85588621
4,17,3,0.788570588,0.76658175,0.964614594,0.88431421
4,17,4,0.840658537,0.818218533,0.978458054,0.902816056
4,17,5,0.881131704,0.863465752,0.989936863,0.904742554
4,17,6,0.970828067,0.951052111,1.010175435,1.05307464
4,17,7,0.994594916,0.985612396,1.017683952,1.05307464
4,17,8,1.011122033,1.010578009,1.023466353,1.05307464
4,17,9,1.021841287,1.010578009,1.027621177,1.05307464
4,17,10,1.028045818,1.010578009,1.027621177,1.05307464
4,17,11,1.028801842,1.010578009,1.027621177,1.05307464
4,17,12,1.028801842,1.010578009,1.027621177,1.05307464
4,17,13,1.028801842,1.010578009,1.027621177,1.05307464
4,17,14,1.028801842,1.010578009,1.027621177,1.05307464
4,17,15,1.028801842,1.010578009,1.027621177,1.05307464
4,17,16,1.028801842,1.010578009,1.027621177,1.05307464
4,17,17,1.028801842,1.010578009,1.027621177,1.05307464
4,17,18,1.028801842,1.010578009,1.027621177,1.05307464
4,17,19,1.028801842,1.010578009,1.027621177,1.05307464
4,17,20,1.028801842,1.010578009,1.027621177,1.05307464
4,17,21,1.028801842,1.010578009,1.027621177,1.05307464
4,18,1,0.641441142,0.642410009,0.928143091,0.81731407
4,18,2,0.722421329,0.706790094,0.947431123,0.857788596
4,18,3,0.787937225,0.764729809,0.963866412,0.886279783
4,18,4,0.839983338,0.816241845,0.977699135,0.904822753
4,18,5,0.880423999,0.861379754,0.98916904,0.906753534
4,18,6,0.970048319,0.948754518,1.009391915,1.055415318
4,18,7,0.993796079,0.983231311,1.016894608,1.055415318
4,18,8,1.010309922,1.008136611,1.022672524,1.055415318
4,18,9,1.021020566,1.008136611,1.026824125,1.055415318
4,18,10,1.027220114,1.008136611,1.026824125,1.055415318
4,18,11,1.027975531,1.008136611,1.026824125,1.055415318
4,18,12,1.027975531,1.008136611,1.026824125,1.055415318
4,18,13,1.027975531,1.008136611,1.026824125,1.055415318
4,18,14,1.027975531,1.008136611,1.026824125,1.055415318
4,18,15,1.027975531,1.008136611,1.026824125,1.055415318
4,18,16,1.027975531,1.008136611,1.026824125,1.055415318
4,18,17,1.027975531,1.008136611,1.026824125,1.055415318
4,18,18,1.027975531,1.008136611,1.026824125,1.055415318
4,18,19,1.027975531,1.008136611,1.026824125,1.055415318
4,18,20,1.027975531,1.008136611,1.026824125,1.055415318
4,18,21,1.027975531,1.008136611,1.026824125,1.055415318
5,7,1,0.731231077,0.788484528,0.989427547,0.783539811
5,7,2,0.823546998,0.867503691,1.009989151,0.822341788
5,7,3,0.898233911,0.938618039,1.027509647,0.849655621
5,7,4,0.957565521,1.001843149,1.042255733,0.867432331
5,7,5,1.003667128,1.05724475,1.054482985,0.869283325
5,7,6,1.08820702,1.100714998,1.085318047,1.025281849
5,7,7,1.114847424,1.140713882,1.093385091,1.025281849
5,7,8,1.133372769,1.169608224,1.099597619,1.025281849
5,7,9,1.145388044,1.169608224,1.104061503,1.025281849
5,7,10,1.152342741,1.169608224,1.104061503,1.025281849
5,7,11,1.153190173,1.169608224,1.104061503,1.025281849
5,7,12,1.153190173,1.169608224,1.104061503,1.025281849
5,7,13,1.153190173,1.169608224,1.104061503,1.025281849
5,7,14,1.153190173,1.169608224,1.104061503,1.025281849
5,7,15,1.153190173,1.169608224,1.104061503,1.025281849
5,7,16,1.153190173,1.169608224,1.104061503,1.025281849
5,7,17,1.153190173,1.169608224,1.104061503,1.025281849
5,7,18,1.153190173,1.169608224,1.104061503,1.025281849
5,7,19,1.153190173,1.169608224,1.104061503,1.025281849
5,7,20,1.153190173,1.169608224,1.104061503,1.025281849
5,7,21,1.153190173,1.169608224,1.104061503,1.025281849
5,8,1,0.714122879,0.767002915,0.964939997,0.792554897
5,8,2,0.804278937,0.843869266,0.984992718,0.831803314
5,8,3,0.877218443,0.913046161,1.002079595,0.859431408
5,8,4,0.935161905,0.974548755,1.016460727,0.877412649
5,8,5,0.980184899,1.028440985,1.028385365,0.87928494
5,8,6,1.062746858,1.070726921,1.058457283,1.037078319
5,8,7,1.088763972,1.109636069,1.066324674,1.037078319
5,8,8,1.10685589,1.137743208,1.072383447,1.037078319
5,8,9,1.118590051,1.137743208,1.076736853,1.037078319
5,8,10,1.125382033,1.137743208,1.076736853,1.037078319
5,8,11,1.126209638,1.137743208,1.076736853,1.037078319
5,8,12,1.126209638,1.137743208,1.076736853,1.037078319
5,8,13,1.126209638,1.137743208,1.076736853,1.037078319
5,8,14,1.126209638,1.137743208,1.076736853,1.037078319
5,8,15,1.126209638,1.137743208,1.076736853,1.037078319
5,8,16,1.126209638,1.137743208,1.076736853,1.037078319
5,8,17,1.126209638,1.137743208,1.076736853,1.037078319
5,8,18,1.126209638,1.137743208,1.076736853,1.037078319
5,8,19,1.126209638,1.137743208,1.076736853,1.037078319
5,8,20,1.126209638,1.137743208,1.076736853,1.037078319
5,8,21,1.126209638,1.137743208,1.076736853,1.037078319
5,9,1,0.709398041,0.758984911,0.960552673,0.791516628
5,9,2,0.798957601,0.835047726,0.98051422,0.830713628
5,9,3,0.871414519,0.903501468,0.997523408,0.858305529
5,9,4,0.92897461,0.964361133,1.011839152,0.876263214
5,9,5,0.97369972,1.017689991,1.023709572,0.878133052
5,9,6,1.055715426,1.059533884,1.053644761,1.035719718
5,9,7,1.081560403,1.098036288,1.061476381,1.035719718
5,9,8,1.09953262,1.125849604,1.067507606,1.035719718
5,9,9,1.111189145,1.125849604,1.071841219,1.035719718
5,9,10,1.117936188,1.125849604,1.071841219,1.035719718
5,9,11,1.118758317,1.125849604,1.071841219,1.035719718
5,9,12,1.118758317,1.125849604,1.071841219,1.035719718
5,9,13,1.118758317,1.125849604,1.071841219,1.035719718
5,9,14,1.118758317,1.125849604,1.071841219,1.035719718
5,9,15,1.118758317,1.125849604,1.071841219,1.035719718
5,9,16,1.118758317,1.125849604,1.071841219,1.035719718
5,9,17,1.118758317,1.125849604,1.071841219,1.035719718
5,9,18,1.118758317,1.125849604,1.071841219,1.035719718
5,9,19,1.118758317,1.125849604,1.071841219,1.035719718
5,9,20,1.118758317,1.125849604,1.071841219,1.035719718
5,9,21,1.118758317,1.125849604,1.071841219,1.035719718
5,10,1,0.703117383,0.751361233,0.957589851,0.791774595
5,10,2,0.791884027,0.82666003,0.977489825,0.83098437
5,10,3,0.863699447,0.894426183,0.994446549,0.858585264
5,10,4,0.92074993,0.954674539,1.008718136,0.876548802
5,10,5,0.965079066,1.007467732,1.020551942,0.878419249
5,10,6,1.046368646,1.048891321,1.050394796,1.036057275
5,10,7,1.071984804,1.087006985,1.058202259,1.036057275
5,10,8,1.089797904,1.114540927,1.064214881,1.036057275
5,10,9,1.101351227,1.114540927,1.068535127,1.036057275
5,10,10,1.108038536,1.114540927,1.068535127,1.036057275
5,10,11,1.108853387,1.114540927,1.068535127,1.036057275
5,10,12,1.108853387,1.114540927,1.068535127,1.036057275
5,10,13,1.108853387,1.114540927,1.068535127,1.036057275
5,10,14,1.108853387,1.114540927,1.068535127,1.036057275
5,10,15,1.108853387,1.114540927,1.068535127,1.036057275
5,10,16,1.108853387,1.114540927,1.068535127,1.036057275
5,10,17,1.108853387,1.114540927,1.068535127,1.036057275
5,10,18,1.108853387,1.114540927,1.068535127,1.036057275
5,10,19,1.108853387,1.114540927,1.068535127,1.036057275
5,10,20,1.108853387,1.114540927,1.068535127,1.036057275
5,10,21,1.108853387,1.114540927,1.068535127,1.036057275
5,11,1,0.697281633,0.743741329,0.9534443,0.791662442
5,11,2,0.785311529,0.818276485,0.973258125,0.830866663
5,11,3,0.856530894,0.88535539,0.99014144,0.858463647
5,11,4,0.913107868,0.94499274,1.004351244,0.876424641
5,11,5,0.95706908,0.997250532,1.016133819,0.878294823
5,11,6,1.03768397,1.038254024,1.045847479,1.03591052
5,11,7,1.06308752,1.07598314,1.053621142,1.03591052
5,11,8,1.080752773,1.103237848,1.059607735,1.03591052
5,11,9,1.092210207,1.103237848,1.063909278,1.03591052
5,11,10,1.098842012,1.103237848,1.063909278,1.03591052
5,11,11,1.099650099,1.103237848,1.063909278,1.03591052
5,11,12,1.099650099,1.103237848,1.063909278,1.03591052
5,11,13,1.099650099,1.103237848,1.063909278,1.03591052
5,11,14,1.099650099,1.103237848,1.063909278,1.03591052
5,11,15,1.099650099,1.103237848,1.063909278,1.03591052
5,11,16,1.099650099,1.103237848,1.063909278,1.03591052
5,11,17,1.099650099,1.103237848,1.063909278,1.03591052
5,11,18,1.099650099,1.103237848,1.063909278,1.03591052
5,11,19,1.099650099,1.103237848,1.063909278,1.03591052
5,11,20,1.099650099,1.103237848,1.063909278,1.03591052
5,11,21,1.099650099,1.103237848,1.063909278,1.03591052
5,12,1,0.692164264,0.735720698,0.948640884,0.793469796
5,12,2,0.779548107,0.809452054,0.968354887,0.83276352
5,12,3,0.850244791,0.875807569,0.985153145,0.860423507
5,12,4,0.906406545,0.93480178,0.99929136,0.878425506
5,12,5,0.950045125,0.986496015,1.011014575,0.880299958
5,12,6,1.03006838,1.027057319,1.040578538,1.038275489
5,12,7,1.055285492,1.064379557,1.048313039,1.038275489
5,12,8,1.0728211,1.091340346,1.054269471,1.038275489
5,12,9,1.084194447,1.091340346,1.058549343,1.038275489
5,12,10,1.090777581,1.091340346,1.058549343,1.038275489
5,12,11,1.091579738,1.091340346,1.058549343,1.038275489
5,12,12,1.091579738,1.091340346,1.058549343,1.038275489
5,12,13,1.091579738,1.091340346,1.058549343,1.038275489
5,12,14,1.091579738,1.091340346,1.058549343,1.038275489
5,12,15,1.091579738,1.091340346,1.058549343,1.038275489
5,12,16,1.091579738,1.091340346,1.058549343,1.038275489
5,12,17,1.091579738,1.091340346,1.058549343,1.038275489
5,12,18,1.091579738,1.091340346,1.058549343,1.038275489
5,12,19,1.091579738,1.091340346,1.058549343,1.038275489
5,12,20,1.091579738,1.091340346,1.058549343,1.038275489
5,12,21,1.091579738,1.091340346,1.058549343,1.038275489
5,13,1,0.688604461,0.730846606,0.94553431,0.79304814
5,13,2,0.775538888,0.804089498,0.965183755,0.832320983
5,13,3,0.845871979,0.870005413,0.981927002,0.859966272
5,13,4,0.901744893,0.928608791,0.996018919,0.877958704
5,13,5,0.945159039,0.979960556,1.007703743,0.87983216
5,13,6,1.024770735,1.020253145,1.037170891,1.037723741
5,13,7,1.049858155,1.057328126,1.044880063,1.037723741
5,13,8,1.067303578,1.084110302,1.050816989,1.037723741
5,13,9,1.078618431,1.084110302,1.055082845,1.037723741
5,13,10,1.085167708,1.084110302,1.055082845,1.037723741
5,13,11,1.08596574,1.084110302,1.055082845,1.037723741
5,13,12,1.08596574,1.084110302,1.055082845,1.037723741
5,13,13,1.08596574,1.084110302,1.055082845,1.037723741
5,13,14,1.08596574,1.084110302,1.055082845,1.037723741
5,13,15,1.08596574,1.084110302,1.055082845,1.037723741
5,13,16,1.08596574,1.084110302,1.055082845,1.037723741
5,13,17,1.08596574,1.084110302,1.055082845,1.037723741
5,13,18,1.08596574,1.084110302,1.055082845,1.037723741
5,13,19,1.08596574,1.084110302,1.055082845,1.037723741
5,13,20,1.08596574,1.084110302,1.055082845,1.037723741
5,13,21,1.08596574,1.084110302,1.055082845,1.037723741
5,14,1,0.684933347,0.725383496,0.94415959,0.795392879
5,14,2,0.771404307,0.798078894,0.963780466,0.834781836
5,14,3,0.841362435,0.863502085,0.98049937,0.862508861
5,14,4,0.896937477,0.9216674,0.994570798,0.88055449
5,14,5,0.940120172,0.972635309,1.006238633,0.882433485
5,14,6,1.019307439,1.012626709,1.035662939,1.040791891
5,14,7,1.044261112,1.049424553,1.043360902,1.040791891
5,14,8,1.061613529,1.076006531,1.049289197,1.040791891
5,14,9,1.07286806,1.076006531,1.053548851,1.040791891
5,14,10,1.079382422,1.076006531,1.053548851,1.040791891
5,14,11,1.080176199,1.076006531,1.053548851,1.040791891
5,14,12,1.080176199,1.076006531,1.053548851,1.040791891
5,14,13,1.080176199,1.076006531,1.053548851,1.040791891
5,14,14,1.080176199,1.076006531,1.053548851,1.040791891
5,14,15,1.080176199,1.076006531,1.053548851,1.040791891
5,14,16,1.080176199,1.076006531,1.053548851,1.040791891
5,14,17,1.080176199,1.076006531,1.053548851,1.040791891
5,14,18,1.080176199,1.076006531,1.053548851,1.040791891
5,14,19,1.080176199,1.076006531,1.053548851,1.040791891
5,14,20,1.080176199,1.076006531,1.053548851,1.040791891
5,14,21,1.080176199,1.076006531,1.053548851,1.040791891
5,15,1,0.680300701,0.720116872,0.940394115,0.798087598
5,15,2,0.766186802,0.792284467,0.95993674,0.837610002
5,15,3,0.835671758,0.857232655,0.976588966,0.865430964
5,15,4,0.890870911,0.914975663,0.990604274,0.883537729
5,15,5,0.933761533,0.965573521,1.002225576,0.88542309
5,15,6,1.012413206,1.005274564,1.031532533,1.044318
5,15,7,1.037198101,1.041805239,1.039199795,1.044318
5,15,8,1.054433152,1.068194219,1.045104447,1.044318
5,15,9,1.065611562,1.068194219,1.049347113,1.044318
5,15,10,1.072081862,1.068194219,1.049347113,1.044318
5,15,11,1.07287027,1.068194219,1.049347113,1.044318
5,15,12,1.07287027,1.068194219,1.049347113,1.044318
5,15,13,1.07287027,1.068194219,1.049347113,1.044318
5,15,14,1.07287027,1.068194219,1.049347113,1.044318
5,15,15,1.07287027,1.068194219,1.049347113,1.044318
5,15,16,1.07287027,1.068194219,1.049347113,1.044318
5,15,17,1.07287027,1.068194219,1.049347113,1.044318
5,15,18,1.07287027,1.068194219,1.049347113,1.044318
5,15,19,1.07287027,1.068194219,1.049347113,1.044318
5,15,20,1.07287027,1.068194219,1.049347113,1.044318
5,15,21,1.07287027,1.068194219,1.049347113,1.044318
5,16,1,0.678542379,0.718257481,0.938945123,0.798243666
5,16,2,0.764206496,0.790238735,0.958457636,0.837773799
5,16,3,0.83351186,0.855019222,0.975084204,0.865600201
5,16,4,0.888568344,0.912613134,0.989077917,0.883710507
5,16,5,0.93134811,0.963080344,1.000681312,0.885596237
5,16,6,1.009796497,1.002678877,1.029943112,1.044522219
5,16,7,1.034517333,1.039115227,1.03759856,1.044522219
5,16,8,1.051707838,1.065436069,1.043494114,1.044522219
5,16,9,1.062857356,1.065436069,1.047730242,1.044522219
5,16,10,1.069310933,1.065436069,1.047730242,1.044522219
5,16,11,1.070097303,1.065436069,1.047730242,1.044522219
5,16,12,1.070097303,1.065436069,1.047730242,1.044522219
5,16,13,1.070097303,1.065436069,1.047730242,1.044522219
5,16,14,1.070097303,1.065436069,1.047730242,1.044522219
5,16,15,1.070097303,1.065436069,1.047730242,1.044522219
5,16,16,1.070097303,1.065436069,1.047730242,1.044522219
5,16,17,1.070097303,1.065436069,1.047730242,1.044522219
5,16,18,1.070097303,1.065436069,1.047730242,1.044522219
5,16,19,1.070097303,1.065436069,1.047730242,1.044522219
5,16,20,1.070097303,1.065436069,1.047730242,1.044522219
5,16,21,1.070097303,1.065436069,1.047730242,1.044522219
5,17,1,0.674629353,0.711533085,0.937095616,0.800398942
5,17,2,0.759799461,0.782840443,0.956569694,0.840035807
5,17,3,0.828705154,0.847014449,0.973163511,0.867937341
5,17,4,0.883444137,0.904069161,0.98712966,0.886096546
5,17,5,0.9259772,0.954063893,0.9987102,0.887987367
5,17,6,1.003973191,0.9932917,1.02791436,1.047342453
5,17,7,1.028551466,1.02938693,1.035554729,1.047342453
5,17,8,1.045642837,1.055461353,1.04143867,1.047342453
5,17,9,1.056728057,1.055461353,1.045666454,1.047342453
5,17,10,1.063144418,1.055461353,1.045666454,1.047342453
5,17,11,1.063926253,1.055461353,1.045666454,1.047342453
5,17,12,1.063926253,1.055461353,1.045666454,1.047342453
5,17,13,1.063926253,1.055461353,1.045666454,1.047342453
5,17,14,1.063926253,1.055461353,1.045666454,1.047342453
5,17,15,1.063926253,1.055461353,1.045666454,1.047342453
5,17,16,1.063926253,1.055461353,1.045666454,1.047342453
5,17,17,1.063926253,1.055461353,1.045666454,1.047342453
5,17,18,1.063926253,1.055461353,1.045666454,1.047342453
5,17,19,1.063926253,1.055461353,1.045666454,1.047342453
5,17,20,1.063926253,1.055461353,1.045666454,1.047342453
5,17,21,1.063926253,1.055461353,1.045666454,1.047342453
5,18,1,0.674087506,0.709814132,0.936368779,0.802177996
5,18,2,0.759189207,0.780949223,0.955827752,0.841902962
5,18,3,0.828039557,0.844968195,0.972408699,0.869866513
5,18,4,0.882734574,0.901885072,0.986364015,0.88806608
5,18,5,0.925233476,0.951759024,0.997935572,0.889961104
5,18,6,1.003166822,0.990892063,1.027117081,1.04967039
5,18,7,1.027725356,1.026900092,1.034751524,1.04967039
5,18,8,1.044802999,1.052911524,1.040630901,1.04967039
5,18,9,1.055879317,1.052911524,1.044855406,1.04967039
5,18,10,1.062290524,1.052911524,1.044855406,1.04967039
5,18,11,1.063071731,1.052911524,1.044855406,1.04967039
5,18,12,1.063071731,1.052911524,1.044855406,1.04967039
5,18,13,1.063071731,1.052911524,1.044855406,1.04967039
5,18,14,1.063071731,1.052911524,1.044855406,1.04967039
5,18,15,1.063071731,1.052911524,1.044855406,1.04967039
5,18,16,1.063071731,1.052911524,1.044855406,1.04967039
5,18,17,1.063071731,1.052911524,1.044855406,1.04967039
5,18,18,1.063071731,1.052911524,1.044855406,1.04967039
5,18,19,1.063071731,1.052911524,1.044855406,1.04967039
5,18,20,1.063071731,1.052911524,1.044855406,1.04967039
5,18,21,1.063071731,1.052911524,1.044855406,1.04967039
6,7,1,0.770596945,0.829985936,0.996902943,0.822278573
6,7,2,0.867882699,0.913164225,1.017619895,0.862998947
6,7,3,0.946590387,0.988021634,1.035272763,0.891663195
6,7,4,1.009116117,1.054574559,1.05013026,0.910318798
6,7,5,1.057699607,1.11289219,1.062449892,0.912261307
6,7,6,1.115233588,1.14573172,1.092992787,1
6,7,7,1.14253563,1.187366468,1.101116876,1
6,7,8,1.161521068,1.217442521,1.107373336,1
6,7,9,1.173834754,1.217442521,1.111868786,1
6,7,10,1.180962176,1.217442521,1.111868786,1
6,7,11,1.181830654,1.217442521,1.111868786,1
6,7,12,1.181830654,1.217442521,1.111868786,1
6,7,13,1.181830654,1.217442521,1.111868786,1
6,7,14,1.181830654,1.217442521,1.111868786,1
6,7,15,1.181830654,1.217442521,1.111868786,1
6,7,16,1.181830654,1.217442521,1.111868786,1
6,7,17,1.181830654,1.217442521,1.111868786,1
6,7,18,1.181830654,1.217442521,1.111868786,1
6,7,19,1.181830654,1.217442521,1.111868786,1
6,7,20,1.181830654,1.217442521,1.111868786,1
6,7,21,1.181830654,1.217442521,1.111868786,1
6,8,1,0.752567726,0.807373651,0.972230383,0.831739371
6,8,2,0.84757734,0.888285816,0.992434607,0.872928257
6,8,3,0.924443549,0.961103795,1.009650581,0.901922304
6,8,4,0.985506401,1.025843541,1.024140366,0.92079255
6,8,5,1.032953211,1.082572356,1.036155097,0.922757409
6,8,6,1.089141102,1.1145172,1.065942079,1.009961122
6,8,7,1.115804373,1.155017643,1.073865104,1.009961122
6,8,8,1.13434562,1.184274299,1.079966721,1.009961122
6,8,9,1.146371209,1.184274299,1.084350912,1.009961122
6,8,10,1.153331875,1.184274299,1.084350912,1.009961122
6,8,11,1.154180034,1.184274299,1.084350912,1.009961122
6,8,12,1.154180034,1.184274299,1.084350912,1.009961122
6,8,13,1.154180034,1.184274299,1.084350912,1.009961122
6,8,14,1.154180034,1.184274299,1.084350912,1.009961122
6,8,15,1.154180034,1.184274299,1.084350912,1.009961122
6,8,16,1.154180034,1.184274299,1.084350912,1.009961122
6,8,17,1.154180034,1.184274299,1.084350912,1.009961122
6,8,18,1.154180034,1.184274299,1.084350912,1.009961122
6,8,19,1.154180034,1.184274299,1.084350912,1.009961122
6,8,20,1.154180034,1.184274299,1.084350912,1.009961122
6,8,21,1.154180034,1.184274299,1.084350912,1.009961122
6,9,1,0.747588526,0.798933625,0.967809911,0.830649769
6,9,2,0.84196953,0.87899996,0.987922273,0.871784697
6,9,3,0.918327171,0.951056723,1.005059969,0.90074076
6,9,4,0.978986013,1.0151197,1.019483873,0.919586286
6,9,5,1.026118901,1.071255491,1.031443977,0.921548571
6,9,6,1.081935038,1.102866393,1.061095526,1.008638045
6,9,7,1.108421897,1.142943458,1.068982526,1.008638045
6,9,8,1.12684047,1.171894274,1.075056401,1.008638045
6,9,9,1.138786494,1.171894274,1.079420659,1.008638045
6,9,10,1.145701107,1.171894274,1.079420659,1.008638045
6,9,11,1.146543654,1.171894274,1.079420659,1.008638045
6,9,12,1.146543654,1.171894274,1.079420659,1.008638045
6,9,13,1.146543654,1.171894274,1.079420659,1.008638045
6,9,14,1.146543654,1.171894274,1.079420659,1.008638045
6,9,15,1.146543654,1.171894274,1.079420659,1.008638045
6,9,16,1.146543654,1.171894274,1.079420659,1.008638045
6,9,17,1.146543654,1.171894274,1.079420659,1.008638045
6,9,18,1.146543654,1.171894274,1.079420659,1.008638045
6,9,19,1.146543654,1.171894274,1.079420659,1.008638045
6,9,20,1.146543654,1.171894274,1.079420659,1.008638045
6,9,21,1.146543654,1.171894274,1.079420659,1.008638045
6,10,1,0.740969748,0.790908679,0.964824704,0.830920491
6,10,2,0.83451515,0.870170782,0.984875028,0.872068825
6,10,3,0.910196758,0.941503766,1.001959864,0.901034326
6,10,4,0.970318557,1.004923258,1.016339278,0.919885994
6,10,5,1.017034154,1.060495189,1.02826249,0.921848918
6,10,6,1.072356122,1.091788573,1.057822579,1.008966776
6,10,7,1.09860848,1.131463081,1.065685252,1.008966776
6,10,8,1.116863983,1.160123099,1.071740392,1.008966776
6,10,9,1.128704244,1.160123099,1.076091188,1.008966776
6,10,10,1.135557638,1.160123099,1.076091188,1.008966776
6,10,11,1.136392726,1.160123099,1.076091188,1.008966776
6,10,12,1.136392726,1.160123099,1.076091188,1.008966776
6,10,13,1.136392726,1.160123099,1.076091188,1.008966776
6,10,14,1.136392726,1.160123099,1.076091188,1.008966776
6,10,15,1.136392726,1.160123099,1.076091188,1.008966776
6,10,16,1.136392726,1.160123099,1.076091188,1.008966776
6,10,17,1.136392726,1.160123099,1.076091188,1.008966776
6,10,18,1.136392726,1.160123099,1.076091188,1.008966776
6,10,19,1.136392726,1.160123099,1.076091188,1.008966776
6,10,20,1.136392726,1.160123099,1.076091188,1.008966776
6,10,21,1.136392726,1.160123099,1.076091188,1.008966776
6,11,1,0.73481983,0.782887705,0.960647832,0.830802793
6,11,2,0.827588821,0.861345974,0.980611356,0.871945298
6,11,3,0.902642285,0.931955537,0.997622229,0.900906696
6,11,4,0.962265084,0.994731863,1.011939392,0.919755694
6,11,5,1.00859295,1.049740212,1.023810988,0.92171834
6,11,6,1.063455755,1.080716236,1.053243106,1.008823858
6,11,7,1.089490224,1.119988386,1.06107174,1.008823858
6,11,8,1.107594209,1.148357749,1.067100667,1.008823858
6,11,9,1.119336198,1.148357749,1.071432627,1.008823858
6,11,10,1.12613271,1.148357749,1.071432627,1.008823858
6,11,11,1.126960867,1.148357749,1.071432627,1.008823858
6,11,12,1.126960867,1.148357749,1.071432627,1.008823858
6,11,13,1.126960867,1.148357749,1.071432627,1.008823858
6,11,14,1.126960867,1.148357749,1.071432627,1.008823858
6,11,15,1.126960867,1.148357749,1.071432627,1.008823858
6,11,16,1.126960867,1.148357749,1.071432627,1.008823858
6,11,17,1.126960867,1.148357749,1.071432627,1.008823858
6,11,18,1.126960867,1.148357749,1.071432627,1.008823858
6,11,19,1.126960867,1.148357749,1.071432627,1.008823858
6,11,20,1.126960867,1.148357749,1.071432627,1.008823858
6,11,21,1.126960867,1.148357749,1.071432627,1.008823858
6,12,1,0.729426968,0.774444913,0.955808125,0.832699504
6,12,2,0.821515125,0.852057075,0.975671073,0.873935937
6,12,3,0.89601777,0.921905173,0.992596246,0.902963454
6,12,4,0.955202995,0.984004508,1.006841279,0.921855483
6,12,5,1.00119086,1.038419638,1.018653066,0.92382261
6,12,6,1.055651025,1.069061611,1.047936907,1.011126988
6,12,7,1.081494426,1.107910243,1.055726101,1.011126988
6,12,8,1.099465546,1.135973667,1.061724654,1.011126988
6,12,9,1.11112136,1.135973667,1.06603479,1.011126988
6,12,10,1.117867992,1.135973667,1.06603479,1.011126988
6,12,11,1.118690071,1.135973667,1.06603479,1.011126988
6,12,12,1.118690071,1.135973667,1.06603479,1.011126988
6,12,13,1.118690071,1.135973667,1.06603479,1.011126988
6,12,14,1.118690071,1.135973667,1.06603479,1.011126988
6,12,15,1.118690071,1.135973667,1.06603479,1.011126988
6,12,16,1.118690071,1.135973667,1.06603479,1.011126988
6,12,17,1.118690071,1.135973667,1.06603479,1.011126988
6,12,18,1.118690071,1.135973667,1.06603479,1.011126988
6,12,19,1.118690071,1.135973667,1.06603479,1.011126988
6,12,20,1.118690071,1.135973667,1.06603479,1.011126988
6,12,21,1.118690071,1.135973667,1.06603479,1.011126988
6,13,1,0.725675523,0.769314276,0.95267808,0.832257001
6,13,2,0.81729007,0.846412264,0.972475982,0.873471521
6,13,3,0.891409547,0.915797624,0.989345729,0.902483612
6,13,4,0.950290382,0.977485555,1.003544114,0.921365602
6,13,5,0.996041731,1.03154019,1.01531722,0.923331683
6,13,6,1.050221808,1.061979162,1.044505162,1.010589668
6,13,7,1.075932296,1.100570425,1.052268849,1.010589668
6,13,8,1.093810991,1.128447931,1.058247758,1.010589668
6,13,9,1.105406859,1.128447931,1.062543779,1.010589668
6,13,10,1.112118793,1.128447931,1.062543779,1.010589668
6,13,11,1.112936644,1.128447931,1.062543779,1.010589668
6,13,12,1.112936644,1.128447931,1.062543779,1.010589668
6,13,13,1.112936644,1.128447931,1.062543779,1.010589668
6,13,14,1.112936644,1.128447931,1.062543779,1.010589668
6,13,15,1.112936644,1.128447931,1.062543779,1.010589668
6,13,16,1.112936644,1.128447931,1.062543779,1.010589668
6,13,17,1.112936644,1.128447931,1.062543779,1.010589668
6,13,18,1.112936644,1.128447931,1.062543779,1.010589668
6,13,19,1.112936644,1.128447931,1.062543779,1.010589668
6,13,20,1.112936644,1.128447931,1.062543779,1.010589668
6,13,21,1.112936644,1.128447931,1.062543779,1.010589668
6,14,1,0.721806774,0.763563619,0.951292973,0.834717665
6,14,2,0.812932903,0.840085296,0.971062091,0.87605404
6,14,3,0.886657231,0.908951997,0.987907311,0.905151909
6,14,4,0.945224159,0.970178809,1.002085052,0.924089726
6,14,5,0.990731597,1.023829382,1.013841041,0.92606162
6,14,6,1.044622827,1.054040822,1.042986547,1.013577593
6,14,7,1.070196246,1.092343614,1.050738946,1.013577593
6,14,8,1.087979625,1.120012733,1.056709162,1.013577593
6,14,9,1.099513673,1.120012733,1.060998937,1.013577593
6,14,10,1.106189824,1.120012733,1.060998937,1.013577593
6,14,11,1.107003315,1.120012733,1.060998937,1.013577593
6,14,12,1.107003315,1.120012733,1.060998937,1.013577593
6,14,13,1.107003315,1.120012733,1.060998937,1.013577593
6,14,14,1.107003315,1.120012733,1.060998937,1.013577593
6,14,15,1.107003315,1.120012733,1.060998937,1.013577593
6,14,16,1.107003315,1.120012733,1.060998937,1.013577593
6,14,17,1.107003315,1.120012733,1.060998937,1.013577593
6,14,18,1.107003315,1.120012733,1.060998937,1.013577593
6,14,19,1.107003315,1.120012733,1.060998937,1.013577593
6,14,20,1.107003315,1.120012733,1.060998937,1.013577593
6,14,21,1.107003315,1.120012733,1.060998937,1.013577593
6,15,1,0.71692473,0.758019789,0.947499049,0.837545613
6,15,2,0.807434513,0.833985883,0.967189324,0.879022032
6,15,3,0.880660197,0.902352579,0.983967362,0.908218482
6,15,4,0.938830998,0.963134856,0.99808856,0.927220459
6,15,5,0.98403064,1.016395901,1.009797664,0.929199033
6,15,6,1.037557369,1.046387991,1.038826933,1.017011502
6,15,7,1.062957819,1.084412687,1.046548414,1.017011502
6,15,8,1.080620917,1.111880916,1.05249482,1.017011502
6,15,9,1.092076953,1.111880916,1.056767487,1.017011502
6,15,10,1.098707949,1.111880916,1.056767487,1.017011502
6,15,11,1.099515938,1.111880916,1.056767487,1.017011502
6,15,12,1.099515938,1.111880916,1.056767487,1.017011502
6,15,13,1.099515938,1.111880916,1.056767487,1.017011502
6,15,14,1.099515938,1.111880916,1.056767487,1.017011502
6,15,15,1.099515938,1.111880916,1.056767487,1.017011502
6,15,16,1.099515938,1.111880916,1.056767487,1.017011502
6,15,17,1.099515938,1.111880916,1.056767487,1.017011502
6,15,18,1.099515938,1.111880916,1.056767487,1.017011502
6,15,19,1.099515938,1.111880916,1.056767487,1.017011502
6,15,20,1.099515938,1.111880916,1.056767487,1.017011502
6,15,21,1.099515938,1.111880916,1.056767487,1.017011502
6,16,1,0.715071748,0.756062531,0.94603911,0.837709397
6,16,2,0.805347598,0.831832474,0.965699045,0.879193927
6,16,3,0.87838402,0.900022644,0.982451231,0.908396086
6,16,4,0.936404472,0.960647976,0.996550671,0.927401779
6,16,5,0.98148729,1.013771498,1.008241733,0.92938074
6,16,6,1.034875672,1.043686147,1.037226273,1.017210381
6,16,7,1.060210471,1.08161266,1.044935856,1.017210381
6,16,8,1.077827918,1.109009964,1.050873099,1.017210381
6,16,9,1.089254343,1.109009964,1.055139183,1.017210381
6,16,10,1.095868201,1.109009964,1.055139183,1.017210381
6,16,11,1.096674101,1.109009964,1.055139183,1.017210381
6,16,12,1.096674101,1.109009964,1.055139183,1.017210381
6,16,13,1.096674101,1.109009964,1.055139183,1.017210381
6,16,14,1.096674101,1.109009964,1.055139183,1.017210381
6,16,15,1.096674101,1.109009964,1.055139183,1.017210381
6,16,16,1.096674101,1.109009964,1.055139183,1.017210381
6,16,17,1.096674101,1.109009964,1.055139183,1.017210381
6,16,18,1.096674101,1.109009964,1.055139183,1.017210381
6,16,19,1.096674101,1.109009964,1.055139183,1.017210381
6,16,20,1.096674101,1.109009964,1.055139183,1.017210381
6,16,21,1.096674101,1.109009964,1.055139183,1.017210381
6,17,1,0.710948064,0.7489842,0.94417563,0.839971231
6,17,2,0.80070331,0.824044778,0.96379684,0.881567771
6,17,3,0.873318545,0.891596544,0.980516028,0.910848776
6,17,4,0.931004404,0.951654297,0.994587694,0.929905785
6,17,5,0.975827237,1.004280471,1.006255728,0.93189009
6,17,6,1.028907739,1.033915056,1.035183175,1.019956872
6,17,7,1.054096437,1.071486497,1.042877572,1.019956872
6,17,8,1.071612287,1.098627305,1.04880312,1.019956872
6,17,9,1.082972819,1.098627305,1.053060801,1.019956872
6,17,10,1.089548535,1.098627305,1.053060801,1.019956872
6,17,11,1.090349788,1.098627305,1.053060801,1.019956872
6,17,12,1.090349788,1.098627305,1.053060801,1.019956872
6,17,13,1.090349788,1.098627305,1.053060801,1.019956872
6,17,14,1.090349788,1.098627305,1.053060801,1.019956872
6,17,15,1.090349788,1.098627305,1.053060801,1.019956872
6,17,16,1.090349788,1.098627305,1.053060801,1.019956872
6,17,17,1.090349788,1.098627305,1.053060801,1.019956872
6,17,18,1.090349788,1.098627305,1.053060801,1.019956872
6,17,19,1.090349788,1.098627305,1.053060801,1.019956872
6,17,20,1.090349788,1.098627305,1.053060801,1.019956872
6,17,21,1.090349788,1.098627305,1.053060801,1.019956872
6,18,1,0.710377046,0.747174771,0.943443301,0.841838243
6,18,2,0.800060202,0.822054015,0.963049292,0.883527239
6,18,3,0.872617115,0.889442587,0.979755512,0.912873328
6,18,4,0.930256642,0.949355249,0.993816265,0.931972695
6,18,5,0.975043474,1.001854286,1.005475248,0.93396141
6,18,6,1.028081343,1.031417279,1.034380258,1.02222394
6,18,7,1.05324981,1.068897954,1.042068687,1.02222394
6,18,8,1.070751591,1.095973194,1.047989639,1.02222394
6,18,9,1.082102999,1.095973194,1.052244017,1.02222394
6,18,10,1.088673434,1.095973194,1.052244017,1.02222394
6,18,11,1.089474043,1.095973194,1.052244017,1.02222394
6,18,12,1.089474043,1.095973194,1.052244017,1.02222394
6,18,13,1.089474043,1.095973194,1.052244017,1.02222394
6,18,14,1.089474043,1.095973194,1.052244017,1.02222394
6,18,15,1.089474043,1.095973194,1.052244017,1.02222394
6,18,16,1.089474043,1.095973194,1.052244017,1.02222394
6,18,17,1.089474043,1.095973194,1.052244017,1.02222394
6,18,18,1.089474043,1.095973194,1.052244017,1.02222394
6,18,19,1.089474043,1.095973194,1.052244017,1.02222394
6,18,20,1.089474043,1.095973194,1.052244017,1.02222394
6,18,21,1.089474043,1.095973194,1.052244017,1.02222394
7,7,1,0.813914828,0.838114069,1.003161942,0.914540492
7,7,2,0.916669345,0.922106931,1.024008965,0.959829805
7,7,3,0.999801461,0.997697425,1.041772665,0.99171026
7,7,4,1.065841976,1.06490211,1.056723443,1.012459073
7,7,5,1.11715651,1.123790851,1.069120424,1.014619536
7,7,6,1.13336071,1.188957415,1.089612714,1
7,7,7,1.161106522,1.232162942,1.09771168,1
7,7,8,1.180400551,1.263373692,1.103948792,1
7,7,9,1.192914385,1.263373692,1.108430339,1
7,7,10,1.200157657,1.263373692,1.108430339,1
7,7,11,1.201040252,1.263373692,1.108430339,1
7,7,12,1.201040252,1.263373692,1.108430339,1
7,7,13,1.201040252,1.263373692,1.108430339,1
7,7,14,1.201040252,1.263373692,1.108430339,1
7,7,15,1.201040252,1.263373692,1.108430339,1
7,7,16,1.201040252,1.263373692,1.108430339,1
7,7,17,1.201040252,1.263373692,1.108430339,1
7,7,18,1.201040252,1.263373692,1.108430339,1
7,7,19,1.201040252,1.263373692,1.108430339,1
7,7,20,1.201040252,1.263373692,1.108430339,1
7,7,21,1.201040252,1.263373692,1.108430339,1
7,8,1,0.794872125,0.815280339,0.978334477,0.925062817
7,8,2,0.895222554,0.896984885,0.998665552,0.97087321
7,8,3,0.976409675,0.970515978,1.015989615,1.003120469
7,8,4,1.040905077,1.035889726,1.030570374,1.024108009
7,8,5,1.091019034,1.093174092,1.042660539,1.02629333
7,8,6,1.106844114,1.156565247,1.062645661,1
7,8,7,1.133940773,1.198593674,1.070544184,1
7,8,8,1.15278339,1.228954113,1.076626932,1
7,8,9,1.165004445,1.228954113,1.080997565,1
7,8,10,1.172078251,1.228954113,1.080997565,1
7,8,11,1.172940196,1.228954113,1.080997565,1
7,8,12,1.172940196,1.228954113,1.080997565,1
7,8,13,1.172940196,1.228954113,1.080997565,1
7,8,14,1.172940196,1.228954113,1.080997565,1
7,8,15,1.172940196,1.228954113,1.080997565,1
7,8,16,1.172940196,1.228954113,1.080997565,1
7,8,17,1.172940196,1.228954113,1.080997565,1
7,8,18,1.172940196,1.228954113,1.080997565,1
7,8,19,1.172940196,1.228954113,1.080997565,1
7,8,20,1.172940196,1.228954113,1.080997565,1
7,8,21,1.172940196,1.228954113,1.080997565,1
7,9,1,0.789613027,0.806757659,0.973886251,0.923850959
7,9,2,0.889299509,0.887608091,0.994124887,0.969601339
7,9,3,0.969949473,0.960370514,1.011370182,1.001806353
7,9,4,1.034018156,1.025060866,1.025884646,1.022766399
7,9,5,1.083800545,1.081746399,1.03791984,1.024948857
7,9,6,1.099520921,1.144474883,1.057814095,1
7,9,7,1.126438301,1.186063959,1.065676706,1
7,9,8,1.145156251,1.216107019,1.071731797,1
7,9,9,1.157296447,1.216107019,1.076082558,1
7,9,10,1.164323451,1.216107019,1.076082558,1
7,9,11,1.165179693,1.216107019,1.076082558,1
7,9,12,1.165179693,1.216107019,1.076082558,1
7,9,13,1.165179693,1.216107019,1.076082558,1
7,9,14,1.165179693,1.216107019,1.076082558,1
7,9,15,1.165179693,1.216107019,1.076082558,1
7,9,16,1.165179693,1.216107019,1.076082558,1
7,9,17,1.165179693,1.216107019,1.076082558,1
7,9,18,1.165179693,1.216107019,1.076082558,1
7,9,19,1.165179693,1.216107019,1.076082558,1
7,9,20,1.165179693,1.216107019,1.076082558,1
7,9,21,1.165179693,1.216107019,1.076082558,1
7,10,1,0.782622185,0.798654124,0.970882301,0.924152057
7,10,2,0.881426093,0.878692448,0.991058511,0.969917347
7,10,3,0.961362022,0.950724004,1.008250613,1.002132857
7,10,4,1.024863472,1.014764569,1.022720307,1.023099734
7,10,5,1.074205113,1.070880721,1.034718379,1.025282903
7,10,6,1.089786309,1.132979124,1.05455127,1
7,10,7,1.116465376,1.174150455,1.062389628,1
7,10,8,1.135017606,1.203891746,1.068426042,1
7,10,9,1.147050319,1.203891746,1.072763383,1
7,10,10,1.154015109,1.203891746,1.072763383,1
7,10,11,1.15486377,1.203891746,1.072763383,1
7,10,12,1.15486377,1.203891746,1.072763383,1
7,10,13,1.15486377,1.203891746,1.072763383,1
7,10,14,1.15486377,1.203891746,1.072763383,1
7,10,15,1.15486377,1.203891746,1.072763383,1
7,10,16,1.15486377,1.203891746,1.072763383,1
7,10,17,1.15486377,1.203891746,1.072763383,1
7,10,18,1.15486377,1.203891746,1.072763383,1
7,10,19,1.15486377,1.203891746,1.072763383,1
7,10,20,1.15486377,1.203891746,1.072763383,1
7,10,21,1.15486377,1.203891746,1.072763383,1
7,11,1,0.776126559,0.7905546,0.966679206,0.924021153
7,11,2,0.874110412,0.869781218,0.98676807,0.969779961
7,11,3,0.953382887,0.941082268,1.003885744,1.001990907
7,11,4,1.016357286,1.004473368,1.018292797,1.022954815
7,11,5,1.0652894,1.06002042,1.030238927,1.025137675
7,11,6,1.080741275,1.121489054,1.049985959,1
7,11,7,1.10719891,1.162242847,1.057790384,1
7,11,8,1.12559716,1.191682518,1.063800666,1
7,11,9,1.137530004,1.191682518,1.06811923,1
7,11,10,1.144436987,1.191682518,1.06811923,1
7,11,11,1.145278605,1.191682518,1.06811923,1
7,11,12,1.145278605,1.191682518,1.06811923,1
7,11,13,1.145278605,1.191682518,1.06811923,1
7,11,14,1.145278605,1.191682518,1.06811923,1
7,11,15,1.145278605,1.191682518,1.06811923,1
7,11,16,1.145278605,1.191682518,1.06811923,1
7,11,17,1.145278605,1.191682518,1.06811923,1
7,11,18,1.145278605,1.191682518,1.06811923,1
7,11,19,1.145278605,1.191682518,1.06811923,1
7,11,20,1.145278605,1.191682518,1.06811923,1
7,11,21,1.145278605,1.191682518,1.06811923,1
7,12,1,0.770430546,0.782029127,0.961809112,0.92613068
7,12,2,0.867695292,0.860401352,0.981796769,0.971993955
7,12,3,0.946385985,0.930933479,0.998828206,1.004278438
7,12,4,1.008898213,0.993640959,1.013162676,1.025290206
7,12,5,1.057471213,1.048588982,1.025048622,1.027478049
7,12,6,1.072809686,1.109394728,1.044696169,1
7,12,7,1.099073148,1.149709026,1.052461275,1
7,12,8,1.117336373,1.178831214,1.058441278,1
7,12,9,1.129181641,1.178831214,1.062738085,1
7,12,10,1.136037934,1.178831214,1.062738085,1
7,12,11,1.136873375,1.178831214,1.062738085,1
7,12,12,1.136873375,1.178831214,1.062738085,1
7,12,13,1.136873375,1.178831214,1.062738085,1
7,12,14,1.136873375,1.178831214,1.062738085,1
7,12,15,1.136873375,1.178831214,1.062738085,1
7,12,16,1.136873375,1.178831214,1.062738085,1
7,12,17,1.136873375,1.178831214,1.062738085,1
7,12,18,1.136873375,1.178831214,1.062738085,1
7,12,19,1.136873375,1.178831214,1.062738085,1
7,12,20,1.136873375,1.178831214,1.062738085,1
7,12,21,1.136873375,1.178831214,1.062738085,1
7,13,1,0.766468219,0.776848245,0.958659416,0.925638527
7,13,2,0.863232732,0.854701261,0.978581618,0.971477429
7,13,3,0.941518718,0.924766118,0.995557281,1.003744757
7,13,4,1.003709446,0.987058166,1.009844809,1.024745359
7,13,5,1.052032635,1.041642162,1.021691832,1.026932039
7,13,6,1.067292222,1.102045075,1.041275038,1
7,13,7,1.093420611,1.142092294,1.049014715,1
7,13,8,1.111589908,1.17102155,1.054975134,1
7,13,9,1.123374256,1.17102155,1.05925787,1
7,13,10,1.130195287,1.17102155,1.05925787,1
7,13,11,1.131026431,1.17102155,1.05925787,1
7,13,12,1.131026431,1.17102155,1.05925787,1
7,13,13,1.131026431,1.17102155,1.05925787,1
7,13,14,1.131026431,1.17102155,1.05925787,1
7,13,15,1.131026431,1.17102155,1.05925787,1
7,13,16,1.131026431,1.17102155,1.05925787,1
7,13,17,1.131026431,1.17102155,1.05925787,1
7,13,18,1.131026431,1.17102155,1.05925787,1
7,13,19,1.131026431,1.17102155,1.05925787,1
7,13,20,1.131026431,1.17102155,1.05925787,1
7,13,21,1.131026431,1.17102155,1.05925787,1
7,14,1,0.762381995,0.771041271,0.957265613,0.928375284
7,14,2,0.858630634,0.848312332,0.977158849,0.974349715
7,14,3,0.936499259,0.917853451,0.994109831,1.006712444
7,14,4,0.998358433,0.979679863,1.008376587,1.027775137
7,14,5,1.046423999,1.033855842,1.020206385,1.029968283
7,14,6,1.061602234,1.093807241,1.039761119,1
7,14,7,1.087591326,1.133555105,1.047489543,1
7,14,8,1.105663758,1.162268114,1.053441296,1
7,14,9,1.117385281,1.162268114,1.057717806,1
7,14,10,1.124169948,1.162268114,1.057717806,1
7,14,11,1.124996661,1.162268114,1.057717806,1
7,14,12,1.124996661,1.162268114,1.057717806,1
7,14,13,1.124996661,1.162268114,1.057717806,1
7,14,14,1.124996661,1.162268114,1.057717806,1
7,14,15,1.124996661,1.162268114,1.057717806,1
7,14,16,1.124996661,1.162268114,1.057717806,1
7,14,17,1.124996661,1.162268114,1.057717806,1
7,14,18,1.124996661,1.162268114,1.057717806,1
7,14,19,1.124996661,1.162268114,1.057717806,1
7,14,20,1.124996661,1.162268114,1.057717806,1
7,14,21,1.124996661,1.162268114,1.057717806,1
7,15,1,0.757225514,0.76544315,0.953447869,0.931520536
7,15,2,0.852823161,0.842153187,0.973261768,0.977650724
7,15,3,0.93016511,0.911189405,0.990145146,1.010123095
7,15,4,0.991605891,0.972566928,1.004355003,1.031257146
7,15,5,1.039346359,1.026349564,1.016137622,1.033457723
7,15,6,1.054421933,1.085865688,1.035614368,1
7,15,7,1.080235245,1.125324963,1.04331197,1
7,15,8,1.098185441,1.153829502,1.049239987,1
7,15,9,1.109827684,1.153829502,1.053499441,1
7,15,10,1.116566461,1.153829502,1.053499441,1
7,15,11,1.117387583,1.153829502,1.053499441,1
7,15,12,1.117387583,1.153829502,1.053499441,1
7,15,13,1.117387583,1.153829502,1.053499441,1
7,15,14,1.117387583,1.153829502,1.053499441,1
7,15,15,1.117387583,1.153829502,1.053499441,1
7,15,16,1.117387583,1.153829502,1.053499441,1
7,15,17,1.117387583,1.153829502,1.053499441,1
7,15,18,1.117387583,1.153829502,1.053499441,1
7,15,19,1.117387583,1.153829502,1.053499441,1
7,15,20,1.117387583,1.153829502,1.053499441,1
7,15,21,1.117387583,1.153829502,1.053499441,1
7,16,1,0.75526837,0.763466724,0.951978763,0.931702697
7,16,2,0.850618933,0.83997869,0.971762132,0.977841905
7,16,3,0.927760982,0.908836652,0.988619496,1.010320627
7,16,4,0.989042962,0.970055694,1.002807458,1.031458811
7,16,5,1.036660038,1.02369946,1.014571922,1.033659817
7,16,6,1.051696648,1.083061908,1.034018658,1
7,16,7,1.077443242,1.122419298,1.041704399,1
7,16,8,1.095347044,1.150850236,1.047623282,1
7,16,9,1.106959196,1.150850236,1.051876173,1
7,16,10,1.113680556,1.150850236,1.051876173,1
7,16,11,1.114499555,1.150850236,1.051876173,1
7,16,12,1.114499555,1.150850236,1.051876173,1
7,16,13,1.114499555,1.150850236,1.051876173,1
7,16,14,1.114499555,1.150850236,1.051876173,1
7,16,15,1.114499555,1.150850236,1.051876173,1
7,16,16,1.114499555,1.150850236,1.051876173,1
7,16,17,1.114499555,1.150850236,1.051876173,1
7,16,18,1.114499555,1.150850236,1.051876173,1
7,16,19,1.114499555,1.150850236,1.051876173,1
7,16,20,1.114499555,1.150850236,1.051876173,1
7,16,21,1.114499555,1.150850236,1.051876173,1
7,17,1,0.75091288,0.756319075,0.950103583,0.934218315
7,17,2,0.845713574,0.832114728,0.969847984,0.980482101
7,17,3,0.922410759,0.900328035,0.986672142,1.013048516
7,17,4,0.983339337,0.960973939,1.000832157,1.034243773
7,17,5,1.030681815,1.014115486,1.012573448,1.036450722
7,17,6,1.045631712,1.072922178,1.031981878,1
7,17,7,1.071229829,1.1119111,1.03965248,1
7,17,8,1.089030383,1.140075865,1.045559704,1
7,17,9,1.10057557,1.140075865,1.049804218,1
7,17,10,1.107258169,1.140075865,1.049804218,1
7,17,11,1.108072446,1.140075865,1.049804218,1
7,17,12,1.108072446,1.140075865,1.049804218,1
7,17,13,1.108072446,1.140075865,1.049804218,1
7,17,14,1.108072446,1.140075865,1.049804218,1
7,17,15,1.108072446,1.140075865,1.049804218,1
7,17,16,1.108072446,1.140075865,1.049804218,1
7,17,17,1.108072446,1.140075865,1.049804218,1
7,17,18,1.108072446,1.140075865,1.049804218,1
7,17,19,1.108072446,1.140075865,1.049804218,1
7,17,20,1.108072446,1.140075865,1.049804218,1
7,17,21,1.108072446,1.140075865,1.049804218,1
7,18,1,0.750309763,0.754491926,0.949366657,0.936294811
7,18,2,0.845034315,0.830104469,0.969095743,0.982661427
7,18,3,0.921669899,0.898152984,0.985906852,1.015300228
7,18,4,0.982549541,0.958652376,1.000055884,1.036542596
7,18,5,1.029853994,1.011665542,1.011788068,1.038754451
7,18,6,1.044791883,1.070330166,1.031181444,1
7,18,7,1.070369441,1.109224896,1.038846097,1
7,18,8,1.088155698,1.13732162,1.044748739,1
7,18,9,1.099691612,1.13732162,1.04898996,1
7,18,10,1.106368844,1.13732162,1.04898996,1
7,18,11,1.107182467,1.13732162,1.04898996,1
7,18,12,1.107182467,1.13732162,1.04898996,1
7,18,13,1.107182467,1.13732162,1.04898996,1
7,18,14,1.107182467,1.13732162,1.04898996,1
7,18,15,1.107182467,1.13732162,1.04898996,1
7,18,16,1.107182467,1.13732162,1.04898996,1
7,18,17,1.107182467,1.13732162,1.04898996,1
7,18,18,1.107182467,1.13732162,1.04898996,1
7,18,19,1.107182467,1.13732162,1.04898996,1
7,18,20,1.107182467,1.13732162,1.04898996,1
7,18,21,1.107182467,1.13732162,1.04898996,1
8,7,1,0.861184725,0.812868926,1.008204544,1.060325568
8,7,2,0.969906938,0.894331808,1.029156359,1.11283436
8,7,3,1.057867135,0.967645412,1.047009353,1.149796815
8,7,4,1.127743098,1.0328258,1.062035284,1.173853155
8,7,5,1.182037836,1.089940732,1.074494581,1.176358013
8,7,6,1.142588385,1.230392084,1.07517783,1
8,7,7,1.1705601,1.275103305,1.083169503,1
8,7,8,1.190011218,1.307401737,1.089323987,1
8,7,9,1.202626938,1.307401737,1.093746164,1
8,7,10,1.209929184,1.307401737,1.093746164,1
8,7,11,1.210818965,1.307401737,1.093746164,1
8,7,12,1.210818965,1.307401737,1.093746164,1
8,7,13,1.210818965,1.307401737,1.093746164,1
8,7,14,1.210818965,1.307401737,1.093746164,1
8,7,15,1.210818965,1.307401737,1.093746164,1
8,7,16,1.210818965,1.307401737,1.093746164,1
8,7,17,1.210818965,1.307401737,1.093746164,1
8,7,18,1.210818965,1.307401737,1.093746164,1
8,7,19,1.210818965,1.307401737,1.093746164,1
8,7,20,1.210818965,1.307401737,1.093746164,1
8,7,21,1.210818965,1.307401737,1.093746164,1
8,8,1,0.841036076,0.790722979,0.983252279,1.072525237
8,8,2,0.947214577,0.869966472,1.003685553,1.125638173
8,8,3,1.033116819,0.941282708,1.021096699,1.163025903
8,8,4,1.101357934,1.004687309,1.03575075,1.187359025
8,8,5,1.154382369,1.060246192,1.04790169,1.189892703
8,8,6,1.115855894,1.196871062,1.048568028,1
8,8,7,1.14317317,1.240364162,1.056361914,1
8,8,8,1.162169202,1.27178265,1.062364079,1
8,8,9,1.174489759,1.27178265,1.066676811,1
8,8,10,1.181621159,1.27178265,1.066676811,1
8,8,11,1.182490122,1.27178265,1.066676811,1
8,8,12,1.182490122,1.27178265,1.066676811,1
8,8,13,1.182490122,1.27178265,1.066676811,1
8,8,14,1.182490122,1.27178265,1.066676811,1
8,8,15,1.182490122,1.27178265,1.066676811,1
8,8,16,1.182490122,1.27178265,1.066676811,1
8,8,17,1.182490122,1.27178265,1.066676811,1
8,8,18,1.182490122,1.27178265,1.066676811,1
8,8,19,1.182490122,1.27178265,1.066676811,1
8,8,20,1.182490122,1.27178265,1.066676811,1
8,8,21,1.182490122,1.27178265,1.066676811,1
8,9,1,0.835471544,0.782457014,0.978781694,1.071120199
8,9,2,0.940947538,0.86087212,0.999122063,1.124163555
8,9,3,1.026281427,0.931442839,1.016454045,1.161502306
8,9,4,1.094071039,0.994184629,1.031041469,1.185803551
8,9,5,1.14674465,1.049162717,1.043137161,1.18833391
8,9,6,1.108473077,1.184359354,1.04380047,1
8,9,7,1.135609615,1.227397791,1.051558919,1
8,9,8,1.154479963,1.25848784,1.057533794,1
8,9,9,1.166719004,1.25848784,1.061826917,1
8,9,10,1.17380322,1.25848784,1.061826917,1
8,9,11,1.174666434,1.25848784,1.061826917,1
8,9,12,1.174666434,1.25848784,1.061826917,1
8,9,13,1.174666434,1.25848784,1.061826917,1
8,9,14,1.174666434,1.25848784,1.061826917,1
8,9,15,1.174666434,1.25848784,1.061826917,1
8,9,16,1.174666434,1.25848784,1.061826917,1
8,9,17,1.174666434,1.25848784,1.061826917,1
8,9,18,1.174666434,1.25848784,1.061826917,1
8,9,19,1.174666434,1.25848784,1.061826917,1
8,9,20,1.174666434,1.25848784,1.061826917,1
8,9,21,1.174666434,1.25848784,1.061826917,1
8,10,1,0.828074694,0.774597569,0.975762644,1.071469293
8,10,2,0.932616856,0.852225029,0.996040273,1.124529938
8,10,3,1.017195241,0.922086895,1.013318795,1.161880858
8,10,4,1.084384677,0.984198471,1.027861223,1.186190023
8,10,5,1.136591942,1.038624327,1.039919606,1.188721207
8,10,6,1.098659207,1.172462972,1.04058087,1
8,10,7,1.125555491,1.215069107,1.048315387,1
8,10,8,1.144258771,1.24584687,1.054271833,1
8,10,9,1.156389453,1.24584687,1.058551714,1
8,10,10,1.163410949,1.24584687,1.058551714,1
8,10,11,1.16426652,1.24584687,1.058551714,1
8,10,12,1.16426652,1.24584687,1.058551714,1
8,10,13,1.16426652,1.24584687,1.058551714,1
8,10,14,1.16426652,1.24584687,1.058551714,1
8,10,15,1.16426652,1.24584687,1.058551714,1
8,10,16,1.16426652,1.24584687,1.058551714,1
8,10,17,1.16426652,1.24584687,1.058551714,1
8,10,18,1.16426652,1.24584687,1.058551714,1
8,10,19,1.16426652,1.24584687,1.058551714,1
8,10,20,1.16426652,1.24584687,1.058551714,1
8,10,21,1.16426652,1.24584687,1.058551714,1
8,11,1,0.82120182,0.766742013,0.97153842,1.071317522
8,11,2,0.924876301,0.843582217,0.991728265,1.124370651
8,11,3,1.008752699,0.912735582,1.008931985,1.16171628
8,11,4,1.075384476,0.974217255,1.023411458,1.186022002
8,11,5,1.12715843,1.028091153,1.035417638,1.188552827
8,11,6,1.089540529,1.160572478,1.036076039,1
8,11,7,1.116213579,1.202746524,1.043777072,1
8,11,8,1.134761625,1.233212155,1.049707732,1
8,11,9,1.146791625,1.233212155,1.053969085,1
8,11,10,1.153754844,1.233212155,1.053969085,1
8,11,11,1.154603314,1.233212155,1.053969085,1
8,11,12,1.154603314,1.233212155,1.053969085,1
8,11,13,1.154603314,1.233212155,1.053969085,1
8,11,14,1.154603314,1.233212155,1.053969085,1
8,11,15,1.154603314,1.233212155,1.053969085,1
8,11,16,1.154603314,1.233212155,1.053969085,1
8,11,17,1.154603314,1.233212155,1.053969085,1
8,11,18,1.154603314,1.233212155,1.053969085,1
8,11,19,1.154603314,1.233212155,1.053969085,1
8,11,20,1.154603314,1.233212155,1.053969085,1
8,11,21,1.154603314,1.233212155,1.053969085,1
8,12,1,0.815174998,0.758473339,0.966643846,1.073763325
8,12,2,0.918088609,0.834484885,0.986731975,1.126937573
8,12,3,1.001349437,0.902892488,1.003849024,1.164368462
8,12,4,1.067492201,0.963711133,1.018255549,1.188729673
8,12,5,1.118886184,1.017004046,1.030201243,1.191266277
8,12,6,1.081544362,1.14805667,1.030856326,1
8,12,7,1.108021658,1.189775904,1.038518563,1
8,12,8,1.12643358,1.219912989,1.044419344,1
8,12,9,1.138375291,1.219912989,1.048659228,1
8,12,10,1.145287406,1.219912989,1.048659228,1
8,12,11,1.14612965,1.219912989,1.048659228,1
8,12,12,1.14612965,1.219912989,1.048659228,1
8,12,13,1.14612965,1.219912989,1.048659228,1
8,12,14,1.14612965,1.219912989,1.048659228,1
8,12,15,1.14612965,1.219912989,1.048659228,1
8,12,16,1.14612965,1.219912989,1.048659228,1
8,12,17,1.14612965,1.219912989,1.048659228,1
8,12,18,1.14612965,1.219912989,1.048659228,1
8,12,19,1.14612965,1.219912989,1.048659228,1
8,12,20,1.14612965,1.219912989,1.048659228,1
8,12,21,1.14612965,1.219912989,1.048659228,1
8,13,1,0.81098255,0.753448513,0.963478318,1.073192719
8,13,2,0.913366876,0.828956489,0.983500663,1.12633871
8,13,3,0.996199493,0.896910897,1.000561657,1.163749707
8,13,4,1.062002085,0.957326623,1.014921004,1.188097973
8,13,5,1.113131749,1.010266474,1.026827579,1.190633228
8,13,6,1.075981976,1.140450885,1.027480517,1
8,13,7,1.102323099,1.181893732,1.035117661,1
8,13,8,1.120640328,1.211831161,1.040999119,1
8,13,9,1.132520622,1.211831161,1.045225118,1
8,13,10,1.139397189,1.211831161,1.045225118,1
8,13,11,1.140235101,1.211831161,1.045225118,1
8,13,12,1.140235101,1.211831161,1.045225118,1
8,13,13,1.140235101,1.211831161,1.045225118,1
8,13,14,1.140235101,1.211831161,1.045225118,1
8,13,15,1.140235101,1.211831161,1.045225118,1
8,13,16,1.140235101,1.211831161,1.045225118,1
8,13,17,1.140235101,1.211831161,1.045225118,1
8,13,18,1.140235101,1.211831161,1.045225118,1
8,13,19,1.140235101,1.211831161,1.045225118,1
8,13,20,1.140235101,1.211831161,1.045225118,1
8,13,21,1.140235101,1.211831161,1.045225118,1
8,14,1,0.80665901,0.747816453,0.962077508,1.076365737
8,14,2,0.908497501,0.822760003,0.982070742,1.12966886
8,14,3,0.990888517,0.890206449,0.999106931,1.167190468
8,14,4,1.0563403,0.950170565,1.013445402,1.191610722
8,14,5,1.107197379,1.002714689,1.025334665,1.194153473
8,14,6,1.070245661,1.131925965,1.025986654,1
8,14,7,1.096446353,1.173059026,1.033612694,1
8,14,8,1.114665928,1.202772671,1.039485601,1
8,14,9,1.126482886,1.202772671,1.043705456,1
8,14,10,1.133322792,1.202772671,1.043705456,1
8,14,11,1.134156237,1.202772671,1.043705456,1
8,14,12,1.134156237,1.202772671,1.043705456,1
8,14,13,1.134156237,1.202772671,1.043705456,1
8,14,14,1.134156237,1.202772671,1.043705456,1
8,14,15,1.134156237,1.202772671,1.043705456,1
8,14,16,1.134156237,1.202772671,1.043705456,1
8,14,17,1.134156237,1.202772671,1.043705456,1
8,14,18,1.134156237,1.202772671,1.043705456,1
8,14,19,1.134156237,1.202772671,1.043705456,1
8,14,20,1.134156237,1.202772671,1.043705456,1
8,14,21,1.134156237,1.202772671,1.043705456,1
8,15,1,0.801203055,0.742386955,0.958240573,1.080012367
8,15,2,0.902352746,0.81678638,0.978154071,1.133496076
8,15,3,0.984186499,0.883743133,0.995122317,1.171144804
8,15,4,1.049195589,0.943271881,1.009403603,1.195647792
8,15,5,1.099708689,0.99543451,1.02124545,1.198199158
8,15,6,1.063006899,1.123707652,1.021894839,1
8,15,7,1.089030379,1.164542067,1.029490465,1
8,15,8,1.107126724,1.194039978,1.035339949,1
8,15,9,1.118863756,1.194039978,1.039542975,1
8,15,10,1.125657399,1.194039978,1.039542975,1
8,15,11,1.126485207,1.194039978,1.039542975,1
8,15,12,1.126485207,1.194039978,1.039542975,1
8,15,13,1.126485207,1.194039978,1.039542975,1
8,15,14,1.126485207,1.194039978,1.039542975,1
8,15,15,1.126485207,1.194039978,1.039542975,1
8,15,16,1.126485207,1.194039978,1.039542975,1
8,15,17,1.126485207,1.194039978,1.039542975,1
8,15,18,1.126485207,1.194039978,1.039542975,1
8,15,19,1.126485207,1.194039978,1.039542975,1
8,15,20,1.126485207,1.194039978,1.039542975,1
8,15,21,1.126485207,1.194039978,1.039542975,1
8,16,1,0.799132245,0.740470061,0.956764083,1.080223566
8,16,2,0.900020503,0.814677382,0.976646897,1.133717734
8,16,3,0.981642746,0.881461248,0.993588998,1.171373824
8,16,4,1.046483812,0.940836289,1.007848279,1.195881603
8,16,5,1.096866355,0.992864231,1.019671879,1.198433468
8,16,6,1.060259425,1.120806163,1.020320268,1
8,16,7,1.086215644,1.161535141,1.02790419,1
8,16,8,1.104265216,1.190956885,1.033744661,1
8,16,9,1.115971913,1.190956885,1.037941211,1
8,16,10,1.122747997,1.190956885,1.037941211,1
8,16,11,1.123573665,1.190956885,1.037941211,1
8,16,12,1.123573665,1.190956885,1.037941211,1
8,16,13,1.123573665,1.190956885,1.037941211,1
8,16,14,1.123573665,1.190956885,1.037941211,1
8,16,15,1.123573665,1.190956885,1.037941211,1
8,16,16,1.123573665,1.190956885,1.037941211,1
8,16,17,1.123573665,1.190956885,1.037941211,1
8,16,18,1.123573665,1.190956885,1.037941211,1
8,16,19,1.123573665,1.190956885,1.037941211,1
8,16,20,1.123573665,1.190956885,1.037941211,1
8,16,21,1.123573665,1.190956885,1.037941211,1
8,17,1,0.7945238,0.733537709,0.954879477,1.083140194
8,17,2,0.894830254,0.807050293,0.974723127,1.136778798
8,17,3,0.975981797,0.873208922,0.991631856,1.17453656
8,17,4,1.040448937,0.932028088,1.005863049,1.199110511
8,17,5,1.090540933,0.98356894,1.01766336,1.201669266
8,17,6,1.054145108,1.110313067,1.018310471,1
8,17,7,1.079951643,1.150660736,1.025879455,1
8,17,8,1.097897127,1.179807032,1.031708421,1
8,17,9,1.109536313,1.179807032,1.035896705,1
8,17,10,1.116273321,1.179807032,1.035896705,1
8,17,11,1.117094227,1.179807032,1.035896705,1
8,17,12,1.117094227,1.179807032,1.035896705,1
8,17,13,1.117094227,1.179807032,1.035896705,1
8,17,14,1.117094227,1.179807032,1.035896705,1
8,17,15,1.117094227,1.179807032,1.035896705,1
8,17,16,1.117094227,1.179807032,1.035896705,1
8,17,17,1.117094227,1.179807032,1.035896705,1
8,17,18,1.117094227,1.179807032,1.035896705,1
8,17,19,1.117094227,1.179807032,1.035896705,1
8,17,20,1.117094227,1.179807032,1.035896705,1
8,17,21,1.117094227,1.179807032,1.035896705,1
8,18,1,0.793885656,0.731765596,0.954138846,1.0855477
8,18,2,0.894111546,0.805100586,0.973967105,1.139305526
8,18,3,0.97519791,0.871099386,0.990862718,1.177147213
8,18,4,1.039613271,0.929776454,1.005082874,1.201775785
8,18,5,1.089665035,0.981192791,1.016874032,1.204340227
8,18,6,1.053298442,1.107630725,1.017520641,1
8,18,7,1.079084249,1.14788092,1.025083754,1
8,18,8,1.09701532,1.176956802,1.0309082,1
8,18,9,1.108645158,1.176956802,1.035093235,1
8,18,10,1.115376755,1.176956802,1.035093235,1
8,18,11,1.116197002,1.176956802,1.035093235,1
8,18,12,1.116197002,1.176956802,1.035093235,1
8,18,13,1.116197002,1.176956802,1.035093235,1
8,18,14,1.116197002,1.176956802,1.035093235,1
8,18,15,1.116197002,1.176956802,1.035093235,1
8,18,16,1.116197002,1.176956802,1.035093235,1
8,18,17,1.116197002,1.176956802,1.035093235,1
8,18,18,1.116197002,1.176956802,1.035093235,1
8,18,19,1.116197002,1.176956802,1.035093235,1
8,18,20,1.116197002,1.176956802,1.035093235,1
8,18,21,1.116197002,1.176956802,1.035093235,1