inningBallsRemainingOriginal,inningBallsRemaining,totalInningWickets,mean_hundred,count_hundred,mean_t20,count_t20,ratio_hundred_vs_t20,ratio_pred_constrained,mean_hundred_adj
1.0,1.0,3,1.4601242397321768,9,1.8160758805409287,73,0.8039995769875377,0.9282814045638326,1.5729327686125942
1.0,1.0,4,1.3680429273699946,22,1.6998534928209879,120,0.8048004920116157,0.9282814045638326,1.4737372963027207
1.0,1.0,5,1.3186231849826628,29,1.7078839585822252,170,0.7720800809425592,0.9282814045638326,1.420499407291519
1.0,1.0,6,1.5143532330663956,31,1.5245514977816046,179,0.9933106459637154,0.9282814045638326,1.6313514690924331
1.0,1.0,7,1.0738711644204475,18,1.36485961504114,148,0.7867997210746678,0.9282814045638326,1.1568379579089194
1.0,1.0,8,1.026108143362872,15,1.308163110493905,120,0.7843885331512357,0.9282814045638326,1.1053847877573342
1.0,1.0,9,1.3255502505272558,12,1.3922591901987824,103,0.9520858327665253,0.9282814045638326,1.427961654742062
2.0,2.0,3,3.9061835187176412,8,3.92571410567985,74,0.9950249594248468,0.9285405124051331,4.2067992365779805
2.0,2.0,4,3.1980429480616834,24,3.439071819145723,123,0.9299145572528602,0.9285405124051331,3.4441609227991763
2.0,2.0,5,2.5979275551177596,35,3.004580851766643,187,0.8646555653811819,0.9285405124051331,2.797861289205929
2.0,2.0,6,2.944039540638551,32,3.099695698046162,173,0.9497834069629073,0.9285405124051331,3.1706096840220925
2.0,2.0,7,2.1525545254884095,17,2.8651663368314173,148,0.7512843138695103,0.9285405124051331,2.3182128261833177
2.0,2.0,8,2.376203942351243,16,2.560178124877294,125,0.9281400849658191,0.9285405124051331,2.5590740636575235
2.0,2.0,9,2.4152870378785836,10,2.5250621732633545,91,0.9565257693267414,0.9285405124051331,2.6011649525365734
3.0,3.0,2,5.008601662261063,7,6.041989292767996,30,0.8289656633877432,0.9287996202464337,5.392553520782186
3.0,3.0,3,7.222278983240648,7,5.282467535070166,79,1.36721691809597,0.9287996202464337,7.77592801052653
3.0,3.0,4,4.703090838213591,27,5.150964575647787,130,0.9130505110534815,0.9287996202464337,5.063622697181707
3.0,3.0,5,4.32442422685868,35,4.679862679850214,208,0.9240493840723312,0.9287996202464337,4.65592807381995
3.0,3.0,6,4.449410926114674,32,4.663669707554361,157,0.9540578997066143,0.9287996202464337,4.790496065162187
3.0,3.0,7,3.2581813346241786,16,4.3507857853674645,149,0.7488719269015895,0.9287996202464337,3.507948607644458
3.0,3.0,8,4.5253678572034595,10,3.864430996182121,123,1.1710308352443901,0.9287996202464337,4.8722757401674714
3.0,3.0,9,3.9400740365571245,10,3.1015444551263314,83,1.2703587175882147,0.9287996202464337,4.242114176911189
4.0,4.0,2,7.238517573307529,8,7.533276836616689,33,0.9608723707223349,0.9290587280877343,7.791237899682022
4.0,4.0,3,8.52929724361055,8,7.161406552910809,87,1.1910086629760952,0.9290587280877343,9.180579209633235
4.0,4.0,4,6.2269610826771515,27,7.001285239355652,132,0.8894025696416614,0.9290587280877343,6.702440754734632
4.0,4.0,5,5.92201711203303,40,5.980529347848885,213,0.9902162112394114,0.9290587280877343,6.374211804911641
4.0,4.0,6,5.980480378546423,29,6.229147646361451,153,0.9600800491604532,0.9290587280877343,6.437139222464379
4.0,4.0,7,4.265379712964221,14,5.904853860396605,169,0.7223514440504262,0.9290587280877343,4.591076520796031
4.0,4.0,8,5.2237862818807566,12,5.058853232864193,110,1.0326028531417155,0.9290587280877343,5.6226653105480064
4.0,4.0,9,4.604467905820936,9,3.85945777500942,81,1.1930349220648482,0.9290587280877343,4.956056884905687
5.0,5.0,2,9.953129814654034,7,9.559382842924846,33,1.0411895807709606,0.9293178359290348,10.710146119926703
5.0,5.0,3,9.735150927783017,8,8.960719894692481,93,1.0864250910855098,0.9293178359290348,10.47558816952096
5.0,5.0,4,7.5675345859060466,31,8.827042610697795,139,0.8573125699806515,0.9293178359290348,8.143107011758595
5.0,5.0,5,7.893151776130755,40,7.32518065595187,215,1.0775368071936076,0.9293178359290348,8.493490032115876
5.0,5.0,6,7.969406774544811,28,7.484000928347501,154,1.0648591376249987,0.9293178359290348,8.575544842069915
5.0,5.0,7,5.415069048004425,17,7.114905616483475,157,0.7610879665724659,0.9293178359290348,5.826928999582802
5.0,5.0,8,7.6480461660724295,9,6.551408306869224,118,1.1673896371339532,0.9293178359290348,8.22974215105504
5.0,5.0,9,4.02132933552242,11,5.378676642751104,67,0.747642887389783,0.9293178359290348,4.327184069917603
6.0,7.0,2,11.573899678885956,7,12.84212951610595,37,0.9012445844258583,0.929836051611636,12.447247725903425
6.0,7.0,3,9.872146737131471,11,12.000012663908702,122,0.822678026567671,0.929836051611636,10.61708321592887
6.0,7.0,4,8.84470913575759,31,11.84458589167345,148,0.7467301277265654,0.929836051611636,9.512116808578803
6.0,7.0,5,10.280883015443127,39,10.447898969180988,218,0.984014398088025,0.929836051611636,11.056662083196079
6.0,7.0,6,9.016682664706277,27,10.048527673421143,151,0.8973138113114673,0.929836051611636,9.697067186283146
6.0,7.0,7,6.937811211295303,17,9.493665485694155,162,0.7307831966219764,0.929836051611636,7.461327402040778
6.0,7.0,8,7.8740499837279625,8,9.157222236124847,90,0.8598731996112505,0.929836051611636,8.468213261983427
6.0,7.0,9,3.7024573809066386,9,5.917623794770754,62,0.625666231803786,0.929836051611636,3.981838921484453
7.0,8.0,2,12.975154816627935,8,13.642335614367711,44,0.9510948259448242,0.9300951594529365,13.950351944912457
7.0,8.0,3,11.58997862238821,15,13.545464148572625,109,0.85563539907265,0.9300951594529365,12.461067563457922
7.0,8.0,4,10.399346829733169,27,13.597187199309582,165,0.7648160371184131,0.9300951594529365,11.18094930829428
7.0,8.0,5,12.467293656698182,44,11.567991849197892,227,1.077740529144879,0.9300951594529365,13.404320547191318
7.0,8.0,6,9.256023646462584,23,11.154692177067062,154,0.8297874562143497,0.9300951594529365,9.951695321053808
7.0,8.0,7,8.016210028984148,14,10.793591174381511,157,0.7426823843403063,0.9300951594529365,8.618698793894511
7.0,8.0,8,8.98970682700162,9,10.011908475814904,88,0.8979014189669683,0.9300951594529365,9.665362447740494
7.0,8.0,9,4.602584134663817,8,6.348075083442691,57,0.7250361840660117,0.9300951594529365,4.948508857277535
8.0,9.0,2,16.261417104729606,11,14.234016958825976,54,1.1424334502177558,0.9303542672942371,17.47873651616918
8.0,9.0,3,12.20561744787837,18,15.245076637723333,112,0.8006268343496586,0.9303542672942371,13.119322259225129
8.0,9.0,4,11.697589047594134,30,14.676575667168294,175,0.7970244090221812,0.9303542672942371,12.573263173838502
8.0,9.0,5,13.584112581571906,40,12.90825353083263,231,1.0523586749458338,0.9303542672942371,14.601010667773664
8.0,9.0,6,10.377017991182097,21,12.327761730144397,145,0.8417601036048373,0.9303542672942371,11.153835002403687
8.0,9.0,7,8.643547498676034,12,12.14058149348582,152,0.7119549836483398,0.9303542672942371,9.290598003934768
8.0,9.0,8,10.508924336952514,9,10.11881348227245,82,1.0385530235697609,0.9303542672942371,11.295615773887697
8.0,9.0,9,6.057257167554955,8,7.17579939256276,44,0.8441229800589046,0.9303542672942371,6.510699612494243
9.0,10.0,2,17.326116030260962,10,16.18474056051167,58,1.0705217031735483,0.9306133751355377,18.617952947149
9.0,10.0,3,14.484729477422128,17,17.207885476054184,120,0.8417495280043854,0.9306133751355377,15.56471233320983
9.0,10.0,4,13.284997951424593,34,15.731713987426613,174,0.8444723799353632,0.9306133751355377,14.275528706526188
9.0,10.0,5,15.252190626912384,40,14.343635599575677,224,1.0633420321528235,0.9306133751355377,16.38939546155889
9.0,10.0,6,11.729090031405503,18,13.653449916957854,159,0.8590568759356375,0.9306133751355377,12.603612138818916
9.0,10.0,7,10.022911267040827,13,13.397976415826083,148,0.748091424851403,0.9306133751355377,10.770220517818215
9.0,10.0,8,10.5178691809013,8,10.528683044140509,82,0.9989729139728233,0.9306133751355377,11.302082542462323
9.0,10.0,9,6.069379656900417,6,7.729792805090127,37,0.7851930588493504,0.9306133751355377,6.521913201619794
10.0,11.0,2,17.696559021675615,11,17.328309970068148,57,1.0212512964186096,0.9308724829768383,19.010723106868262
10.0,11.0,3,15.31480954580634,18,18.43999728100457,125,0.8305212475048708,0.9308724829768383,16.452102544519406
10.0,11.0,4,15.054963915335472,40,16.979739984979624,177,0.8866427830257224,0.9308724829768383,16.17296051892219
10.0,11.0,5,17.547744274528565,38,15.74317914079569,223,1.1146252048327814,0.9308724829768383,18.850857228492362
10.0,11.0,6,12.587481120355704,22,14.712534799289255,161,0.8555616888643682,0.9308724829768383,13.522239995860852
10.0,11.0,7,12.590725006248716,10,14.680972079134548,141,0.8576220251888761,0.9308724829768383,13.52572477594871
10.0,11.0,8,12.537571822628642,8,10.164099524579035,69,1.2335152555629771,0.9308724829768383,13.468624384013077
10.0,11.0,9,6.012266466745501,7,8.665591643980397,31,0.6938091146865842,0.9308724829768383,6.458743358186791
11.0,12.0,2,18.821338739064824,10,18.458339356008835,63,1.0196658743809377,0.9311315908181389,20.213403695741277
11.0,12.0,3,16.599922685535038,22,19.403244545454353,137,0.8555230361936527,0.9311315908181389,17.827687138129974
11.0,12.0,4,17.17349013216916,38,18.29481459178284,187,0.9387080719518566,0.9311315908181389,18.44367681379994
11.0,12.0,5,18.528572139517554,30,17.07465245650728,216,1.0851507629050554,0.9311315908181389,19.89898347583441
11.0,12.0,6,12.770117789536858,20,15.709638013130318,161,0.8128842802656197,0.9311315908181389,13.71462198840917
11.0,12.0,7,13.985943539192991,9,15.91411569411018,139,0.8788388753745956,0.9311315908181389,15.020372713274867
11.0,12.0,8,11.436336806915017,12,10.955714481355338,64,1.0438695555983695,0.9311315908181389,12.28219181873797
11.0,12.0,9,7.977895257097287,6,9.133003513045177,32,0.87352372586981,0.9311315908181389,8.56795681272881
12.0,13.0,2,20.08842667566657,12,20.49928537983425,62,0.9799574133168636,0.9313906986594395,21.56820623673831
12.0,13.0,3,17.66776838432774,24,21.015433268805857,137,0.8407044555466194,0.9313906986594395,18.96923429636687
12.0,13.0,4,17.84596885895713,39,19.768027601622375,191,0.9027693211786338,0.9313906986594395,19.160561603892997
12.0,13.0,5,20.52311335565424,27,18.1128706840058,207,1.133067955582367,0.9313906986594395,22.03491336685386
12.0,13.0,6,13.268296775317685,20,17.333973782325177,170,0.7654503775035638,0.9313906986594395,14.245683142868922
12.0,13.0,7,15.280210848662776,8,16.382040844911906,134,0.932741591436616,0.9313906986594395,16.405801422169823
12.0,13.0,8,12.364640324009946,11,11.576770936568938,59,1.0680560574064974,0.9313906986594395,13.27546038607268
13.0,14.0,2,21.582090616475753,13,22.126069085371793,65,0.975414590508728,0.93164980650074,23.16545387106095
13.0,14.0,3,19.780056881593843,30,22.233260525531993,157,0.8896606441902227,0.93164980650074,21.23121450095866
13.0,14.0,4,19.601944537209345,38,21.35155131283657,188,0.9180571589392964,0.93164980650074,21.04003500074121
13.0,14.0,5,20.643080941829798,30,19.57374790113189,194,1.0546309805408332,0.93164980650074,22.15755404851619
13.0,14.0,6,15.015393972125738,17,18.187755970081096,179,0.8255770528715086,0.93164980650074,16.116993603555063
13.0,14.0,7,16.46507826895816,7,17.487074872634132,123,0.941557029341979,0.93164980650074,17.67303353048577
13.0,14.0,8,12.033233446110454,11,12.600481913528883,54,0.9549820021717276,0.93164980650074,12.916047813402187
14.0,16.0,1,23.665181221142333,6,27.01892545056675,27,0.8758742557856212,0.9321680221833412,25.387248498090838
14.0,16.0,2,22.800482320926747,11,25.33563019229039,76,0.8999374457188325,0.9321680221833412,24.459627211329387
14.0,16.0,3,20.639550773384656,32,24.52930694493678,166,0.8414241307231458,0.9321680221833412,22.141449054476595
14.0,16.0,4,21.25860433478771,37,23.866241112393766,195,0.8907395276312737,0.9321680221833412,22.805549888951795
14.0,16.0,5,21.105354139534885,30,22.25233347798205,194,0.9484557725336059,0.9321680221833412,22.641147987571525
14.0,16.0,6,17.427931797240802,16,20.059142925954834,195,0.8688273403092678,0.9321680221833412,18.696127074195033
14.0,16.0,7,14.455394106867843,10,19.11892178069258,104,0.7560778935486705,0.9321680221833412,15.507283840321138
14.0,16.0,8,14.115897114525618,8,14.545246444103642,46,0.9704818112757331,0.9321680221833412,15.14308233988021
15.0,17.0,1,25.35870652207147,7,28.331713196348883,28,0.8950643523152512,0.9324271300246417,27.1964486076261
15.0,17.0,2,23.443672779282384,12,26.863283370273763,86,0.8727031783919819,0.9324271300246417,25.14263262445273
15.0,17.0,3,22.299872503107913,31,26.010231579400607,164,0.857350017628017,0.9324271300246417,23.915941294542325
15.0,17.0,4,22.36703608971005,38,25.102067529193324,206,0.891043578928211,0.9324271300246417,23.98797221732378
15.0,17.0,5,21.44964768278367,30,23.35675747903677,191,0.9183486921091348,0.9324271300246417,23.004100794682806
15.0,17.0,6,20.39229140275491,12,21.344778044732035,182,0.9553761280636881,0.9324271300246417,21.870118045810177
15.0,17.0,7,14.568780561924811,12,19.795252407925734,101,0.7359734678650363,0.9324271300246417,15.624578149651002
15.0,17.0,8,12.670366555677305,7,14.526608992578163,44,0.8722177737523439,0.9324271300246417,13.58858633311373
16.0,18.0,1,26.69435895917821,7,29.78809437597477,31,0.8961418821308766,0.9326862378659423,28.620942258413667
16.0,18.0,2,26.227066442656408,13,28.100230988513147,93,0.93333988796667,0.9326862378659423,28.119924340972318
16.0,18.0,3,24.244179746868145,37,27.512407325001398,168,0.8812089563982535,0.9326862378659423,25.99392889332289
16.0,18.0,4,22.84665963365868,37,25.970043269110498,200,0.879731288735785,0.9326862378659423,24.49554706192898
16.0,18.0,5,22.852467791976256,29,24.90471644283754,193,0.9175959840550002,0.9326862378659423,24.50177440621881
16.0,18.0,6,21.192204123163307,11,22.60760241910064,179,0.9373928172612636,0.9326862378659423,22.721686310771236
16.0,18.0,7,15.596708203875352,12,19.941667542778433,99,0.7821165492011956,0.9326862378659423,16.722352674101653
17.0,19.0,1,30.559144740932414,8,30.72016341350935,35,0.9947585346337667,0.9329453457072429,32.75555731270226
17.0,19.0,2,28.884951540674738,14,30.32277507700326,94,0.9525827193362996,0.9329453457072429,30.961032898210956
17.0,19.0,3,26.239906780198105,39,28.443431227278065,187,0.922529584090167,0.9329453457072429,28.125877792236885
17.0,19.0,4,24.336209914683884,37,27.593941932886807,186,0.881940317692692,0.9329453457072429,26.085354331485735
17.0,19.0,5,23.850864387671205,26,25.941430137189922,202,0.9194120856690295,0.9329453457072429,25.56512500696432
17.0,19.0,6,24.174893021925094,10,23.599544080874548,163,1.0243796633985323,0.9329453457072429,25.912442924080086
17.0,19.0,7,16.749295662082066,13,20.35839324707631,96,0.8227218847188468,0.9329453457072429,17.953137061190695
18.0,20.0,1,30.404338790685447,7,32.304821084536044,36,0.9411703197836209,0.9332044535485434,32.58057618035561
18.0,20.0,2,29.873382431236223,13,31.612509362845433,106,0.9449861157288189,0.9332044535485434,32.01161580149089
18.0,20.0,3,26.99055366569736,42,29.721462578609174,183,0.9081166040974956,0.9332044535485434,28.92244412579131
18.0,20.0,4,25.454260910804706,37,28.79019547406081,197,0.8841294924078689,0.9332044535485434,27.276188850164576
18.0,20.0,5,25.38722724617133,25,26.96620398126297,203,0.9414460879926309,0.9332044535485434,27.204357147713438
18.0,20.0,6,23.614698687633073,10,23.76305719319421,169,0.9937567584694604,0.9332044535485434,25.30495712685182
18.0,20.0,7,18.415977190748556,13,22.03177077248362,82,0.8358827522728688,0.9332044535485434,19.734129129711224
19.0,21.0,1,33.90392532837658,7,34.02535778601259,37,0.9964311188614178,0.9334635613898441,36.320566469564874
19.0,21.0,2,31.11638858214857,14,32.55545509828772,108,0.9557964552547495,0.9334635613898441,33.334336624580224
19.0,21.0,3,29.058567525902667,40,31.25099457248823,191,0.9298445672984864,0.9334635613898441,31.12983594414446
19.0,21.0,4,26.172250892319326,39,30.063834128618744,205,0.8705559903088045,0.9334635613898441,28.03778527075141
19.0,21.0,5,27.517128618333462,23,28.21206450950123,196,0.9753674215889544,0.9334635613898441,29.478524665025926
19.0,21.0,6,24.268866293275497,12,24.579447062202696,167,0.9873642084729889,0.9334635613898441,25.998729138544324
19.0,21.0,7,18.06293709988355,12,22.406907420231935,78,0.8061325358792676,0.9334635613898441,19.350446923701494
20.0,22.0,1,34.82722096988577,8,34.251526437388506,42,1.0168078504048463,0.9337226692311447,37.29932036304051
20.0,22.0,2,31.309038788247175,17,33.61581363249365,114,0.931378283165614,0.9337226692311447,33.531411220879946
20.0,22.0,3,30.21652973608153,39,33.175791903095636,184,0.9108005567536136,0.9337226692311447,32.36135389211738
20.0,22.0,4,27.135226994472173,42,30.885335173311756,208,0.8785796508991724,0.9337226692311447,29.061334686043487
20.0,22.0,5,29.622967601103028,20,29.470320743843857,200,1.0051796808927185,0.9337226692311447,31.725659638847016
20.0,22.0,6,23.90423915441634,13,25.35544779329149,161,0.9427654107824865,0.9337226692311447,25.601005461396596
20.0,22.0,7,17.9847642388267,10,24.260165996504,69,0.7413289851940166,0.9337226692311447,19.26135546611061
21.0,23.0,1,37.835488776121856,7,36.1149966761514,43,1.0476392706165356,0.9339817770724452,40.50987899862109
21.0,23.0,2,32.879871977253615,18,34.98025699062406,125,0.9399551291480384,0.9339817770724452,35.20397590659122
21.0,23.0,3,31.97394924224214,40,34.31829720240772,189,0.9316881036859513,0.9339817770724452,34.2340182936589
21.0,23.0,4,27.54795574565073,42,32.261836297220974,207,0.853886787219973,0.9339817770724452,29.495174768826292
21.0,23.0,5,31.88521857083098,20,30.434056342694902,201,1.0476821824799045,0.9339817770724452,34.13901572124332
21.0,23.0,6,24.480269385438298,15,26.349294061179997,152,0.929067371922677,0.9339817770724452,26.21064991457479
21.0,23.0,7,19.30002201155563,9,23.106940361239637,63,0.8352478393863922,0.9339817770724452,20.664238302433823
22.0,25.0,1,38.14555082648068,8,38.663174918238504,51,0.9866119610494366,0.9344999927550464,40.81920933356229
22.0,25.0,2,34.487947302124724,20,37.76685629255192,126,0.913180250825541,0.9344999927550464,36.905240844838396
22.0,25.0,3,32.198311191529456,37,36.68168592248256,205,0.8777762085301211,0.9344999927550464,34.45512192739991
22.0,25.0,4,29.67776781942333,41,34.909702080667046,205,0.850129507001976,0.9344999927550464,31.75791123542849
22.0,25.0,5,33.1456201794766,17,31.97726186764876,203,1.036537159331014,0.9344999927550464,35.46882871743887
22.0,25.0,6,25.122518446984753,14,29.099926206509164,137,0.8633189743747621,0.9344999927550464,26.883380033979236
22.0,25.0,7,20.110201734576336,9,24.29845026317721,57,0.8276331007435522,0.9344999927550464,21.519745201162003
23.0,26.0,1,37.86445752859291,9,39.980796986443906,56,0.9470661012943645,0.9347591005963469,40.50718255049517
23.0,26.0,2,36.46937187098876,20,38.982203494713914,134,0.9355390050214606,0.9347591005963469,39.014727802834386
23.0,26.0,3,33.92496209983807,38,38.448100485008105,203,0.8823572991093871,0.9347591005963469,36.292732617628445
23.0,26.0,4,30.05038787040627,43,35.9607135303324,208,0.8356449280423525,0.9347591005963469,32.14773501668512
23.0,26.0,5,33.474869574815095,16,33.118187915799794,202,1.010769963016157,0.9347591005963469,35.81122617951425
23.0,26.0,6,24.45922901650006,16,29.928581178488518,130,0.8172532092527122,0.9347591005963469,26.166344891315678
23.0,26.0,7,25.66357464256708,9,25.36207977060028,59,1.0118876241496684,0.9347591005963469,27.454747031822986
24.0,27.0,1,38.33776948770943,12,41.11892376288252,61,0.9323631549499942,0.9350182084376475,41.002163531947964
24.0,27.0,2,37.67170617441303,18,40.43151790880091,133,0.931741080297479,0.9350182084376475,40.2898102245088
24.0,27.0,3,34.05965753910225,42,39.18067556847763,211,0.8692973524556723,0.9350182084376475,36.42673183446731
24.0,27.0,4,31.958000526518287,40,37.89974186888436,209,0.843224754328888,0.9350182084376475,34.1790140963329
24.0,27.0,5,35.28803403435865,14,33.27771742462791,203,1.060410291489613,0.9350182084376475,37.740477902909056
24.0,27.0,6,24.408939709466896,15,31.335822209811337,117,0.7789468406488592,0.9350182084376475,26.105309489376246
25.0,28.0,1,41.11027027890704,13,42.659579144984214,61,0.9636820405374454,0.9352773162789481,43.95516662637184
25.0,28.0,2,38.03625611040246,21,41.48573548520038,143,0.9168514349702566,0.9352773162789481,40.6684257688744
25.0,28.0,3,35.50426177734765,40,40.91028672310716,207,0.8678565862334557,0.9352773162789481,37.96121338492769
25.0,28.0,4,33.57144332459886,42,38.71374749682159,214,0.8671711083344511,0.9352773162789481,35.8946408089578
25.0,28.0,5,34.96618117427824,13,34.482824801121595,195,1.0140173079190695,0.9352773162789481,37.38589674492813
25.0,28.0,6,26.19706427695904,15,32.034307318681805,110,0.8177815120628941,0.9352773162789481,28.009942955941124
26.0,29.0,1,42.69903937135797,11,44.68791894768612,60,0.9554940211322789,0.9355364241202486,45.64123669638081
26.0,29.0,2,38.88834266154787,22,42.92651029484201,149,0.905928350439906,0.9355364241202486,41.567962143341816
26.0,29.0,3,36.63505684891879,45,42.223074486493914,210,0.8676548852603667,0.9355364241202486,39.15941261546213
26.0,29.0,4,35.94456583289277,38,40.18615221557046,219,0.8944515424138006,0.9355364241202486,38.421342992277395
26.0,29.0,5,34.78764289716661,16,35.408066605940995,192,0.982477899296815,0.9355364241202486,37.184701739304174
26.0,29.0,6,25.472616625114068,12,32.746368370920266,110,0.7778760788550372,0.9355364241202486,27.227819215128665
27.0,30.0,1,42.586770009272556,13,46.979686171163586,61,0.9064932842274407,0.9357955319615492,45.5086272104817
27.0,30.0,2,40.498477190953196,21,44.42282367291566,163,0.9116592292543727,0.9357955319615492,43.27705765602783
27.0,30.0,3,37.98757750559782,47,42.56525516774131,217,0.8924550635464591,0.9357955319615492,40.59388638666709
27.0,30.0,4,36.114512843744954,36,41.132204832054335,227,0.8780106243077178,0.9357955319615492,38.592311685913096
27.0,30.0,5,36.5703005875791,13,36.544678839402565,190,1.0007011074933543,0.9357955319615492,39.07937080114391
27.0,30.0,6,26.89692873726793,12,33.39095426402216,101,0.8055154256627111,0.9357955319615492,28.742313698472646
28.0,31.0,1,44.273194298468546,14,47.42135129920146,67,0.9336130895792097,0.9360546398028499,47.297660217563035
28.0,31.0,2,41.097263256845814,24,45.95015038538227,161,0.8943880033506861,0.9360546398028499,43.90476956078295
28.0,31.0,3,39.01238650078123,51,43.93994759085211,218,0.887856919267315,0.9360546398028499,41.67746714977873
28.0,31.0,4,37.214857573898705,32,42.81390174093459,228,0.8692236881161753,0.9360546398028499,39.75714236269032
28.0,31.0,5,36.84219209790114,14,37.67737916743312,179,0.9778331962576132,0.9360546398028499,39.35901872743324
28.0,31.0,6,27.728369629400365,11,34.51463017008236,96,0.8033801750955918,0.9360546398028499,29.62259728261212
29.0,32.0,1,46.45135720505405,15,48.585454387140324,68,0.9560753890437808,0.9363137476441504,49.61088878800492
29.0,32.0,2,41.838166656255346,24,47.30189239265217,162,0.8844924492440486,0.9363137476441504,44.68391792977935
29.0,32.0,3,40.338926791495126,51,45.14955586541316,228,0.8934512426155842,0.9363137476441504,43.08270266563051
29.0,32.0,4,37.57557334902335,32,43.104689838940395,234,0.8717281922088652,0.9363137476441504,40.13139126021259
29.0,32.0,5,36.52668010110305,12,38.61114406202622,177,0.9460139290984327,0.9363137476441504,39.01115431980728
29.0,32.0,6,27.55071047919253,8,35.921933026954655,84,0.7669606882936776,0.9363137476441504,29.424656583877567
29.0,32.0,7,36.093175193351414,6,28.296008633873836,49,1.2755571169194302,0.9363137476441504,38.54816324566961
30.0,34.0,1,48.91946747562788,16,51.81706145716076,75,0.9440803106149036,0.9368319633267516,52.21797439736327
30.0,34.0,2,42.907864116240994,29,49.9513490297901,175,0.85899309927849,0.9368319633267516,45.80102493927765
30.0,34.0,3,41.77497230180084,50,47.520960838796285,239,0.8790851776653388,0.9368319633267516,44.59174530452097
30.0,34.0,4,38.48689440777383,32,45.02067880546012,240,0.8548714819267925,0.9368319633267516,41.08196124212538
30.0,34.0,5,37.51168819262144,12,40.12959993988427,152,0.9347635722463078,0.9368319633267516,40.04099951864898
30.0,34.0,6,29.58055637086969,9,35.50741322787967,79,0.8330811422681634,0.9368319633267516,31.575093003687876
31.0,35.0,1,50.42423719430922,16,53.78573821445836,78,0.9375020008697116,0.9370910711680521,53.80932413693487
31.0,35.0,2,43.3998730896366,29,50.74956389390995,180,0.8551772618255873,0.9370910711680521,46.3133994389042
31.0,35.0,3,43.82558357635378,46,48.555722693072994,241,0.9025832825799126,0.9370910711680521,46.767688781546795
31.0,35.0,4,39.85119323522032,32,46.31111916962368,238,0.8605102608135512,0.9370910711680521,42.52648911225583
31.0,35.0,5,39.2112964005725,13,41.223684279061175,152,0.9511836966131911,0.9370910711680521,41.843634633821615
31.0,35.0,6,30.145004159945472,10,36.03198784397476,74,0.8366178488536068,0.9370910711680521,32.168702794671546
32.0,36.0,1,52.14091263691598,17,55.25780509895723,79,0.9435936252542164,0.9373501790093527,55.62586299607004
32.0,36.0,2,45.04343635661382,27,52.165004444872686,188,0.8634799677668032,0.9373501790093527,48.054011579982195
32.0,36.0,3,44.5761300708624,47,49.76958914266726,244,0.8956499508782858,0.9373501790093527,47.55547187068668
32.0,36.0,4,41.180054317378186,30,47.10918193690561,234,0.8741407221320796,0.9373501790093527,43.93241206920098
32.0,36.0,5,40.74942199080245,12,41.384447349906004,145,0.9846554587588326,0.9373501790093527,43.47299750224496
32.0,36.0,6,30.813461084562498,10,36.713222212915255,73,0.8393014621779155,0.9373501790093527,32.87294521789924
33.0,37.0,1,53.56945439321907,17,56.18570866375064,84,0.9534355918479409,0.9376092868506533,57.13409108089589
33.0,37.0,2,47.66749390714178,31,53.50415959418987,200,0.8909119266367861,0.9376092868506533,50.839400351134195
33.0,37.0,3,44.63079857596786,47,51.15485132812634,244,0.8724646327225004,0.9376092868506533,47.60063621583652
33.0,37.0,4,43.72600897305483,31,48.150089593679475,240,0.908118953506467,0.9376092868506533,46.63563979824329
33.0,37.0,5,37.79767403873539,12,41.79867777333862,146,0.9042791794443967,0.9376092868506533,40.31281960281605
33.0,37.0,6,32.554867333812766,10,38.27748563281163,64,0.8504964941037451,0.9376092868506533,34.72114428725604
34.0,38.0,1,56.52681768267656,17,57.23294057778333,88,0.9876622992287614,0.9378683946919538,60.27158821280356
34.0,38.0,2,49.62993719375214,32,54.68154307303951,199,0.9076177153131942,0.9378683946919538,52.917805392144885
34.0,38.0,3,46.11135607550737,51,52.427052889387475,249,0.8795336288079135,0.9378683946919538,49.166126437870645
34.0,38.0,4,44.65714948424988,26,48.60393493984308,226,0.9187969973937682,0.9378683946919538,47.61558203367934
34.0,38.0,5,37.42518199664639,15,42.896825020262916,140,0.8724464334823866,0.9378683946919538,39.9045134780758
34.0,38.0,6,34.22147951020912,7,38.45358928078246,59,0.8899423994033147,0.9378683946919538,36.488573134452714
35.0,39.0,1,57.73933709863302,18,57.98356294746648,86,0.9957880158372687,0.9381275025332544,61.54743032553435
35.0,39.0,2,50.787853014694065,33,55.652405840635836,210,0.9125904306837744,0.9381275025332544,54.13747372030995
35.0,39.0,3,47.216694598066375,48,53.3141828133897,249,0.8856310292391473,0.9381275025332544,50.33078602915456
35.0,39.0,4,45.82055421757973,26,49.920191781850335,229,0.9178761655767291,0.9381275025332544,48.842565742768535
35.0,39.0,5,39.92722761716183,13,43.42397943103238,140,0.919474173954411,0.9381275025332544,42.56055547816808
35.0,39.0,6,35.65009635086348,7,40.36885712744465,61,0.8831088836207569,0.9381275025332544,38.0013337788269
36.0,40.0,1,58.603463084455825,20,59.73594955931236,94,0.9810417933721456,0.9383866103745551,62.45129932221047
36.0,40.0,2,50.860346098116885,38,56.74241023072962,209,0.8963374289408097,0.9383866103745551,54.19977814668102
36.0,40.0,3,48.99364911499213,47,54.45670473789164,264,0.89968075282568,0.9383866103745551,52.210515978522345
36.0,40.0,4,44.715950940771414,27,51.06760691327994,224,0.8756226039082947,0.9383866103745551,47.65194904360702
36.0,40.0,5,41.30130081645982,12,43.548114246481056,130,0.9484061831631942,0.9383866103745551,44.0130969046697
36.0,40.0,6,36.147422004730394,6,41.02145061669385,60,0.8811834165128245,0.9383866103745551,38.520820315522435
37.0,41.0,1,60.35174593928353,18,60.8765053789832,103,0.9913799348955266,0.9386457182158556,64.29661880735789
37.0,41.0,2,52.339503498606,39,57.64207905911725,207,0.9080085998446903,0.9386457182158556,55.76065866266462
37.0,41.0,3,50.055022906744334,44,55.64007234375262,256,0.8996218156852309,0.9386457182158556,53.3268537163171
37.0,41.0,4,43.87792454648605,27,51.86688571698329,224,0.8459718361713525,0.9386457182158556,46.74599126695815
37.0,41.0,5,43.10674164714886,12,44.33576894231327,122,0.9722791027541771,0.9386457182158556,45.92440024025744
37.0,41.0,6,36.368911439912196,6,41.798861936090866,54,0.8700933411899853,0.9386457182158556,38.74615388332131
38.0,42.0,1,61.645635103100375,18,62.27195282185044,103,0.9899422181195786,0.9389048260571562,65.65695839691814
38.0,42.0,2,53.98535666569794,41,58.99575667557465,215,0.9150718578383603,0.9389048260571562,57.498220445201504
38.0,42.0,3,49.9320753913206,44,56.958538556197816,261,0.8766389843737898,0.9389048260571562,53.18118940873456
38.0,42.0,4,46.73862572348667,24,52.52959463134653,232,0.8897579745569909,0.9389048260571562,49.77993980472036
38.0,42.0,5,43.87960864920057,11,45.2099312576451,119,0.9705745491878055,0.9389048260571562,46.73488454998034
38.0,42.0,6,35.30892685468535,7,42.84406034463006,50,0.8241265316747894,0.9389048260571562,37.606502677126414
39.0,44.0,1,60.314750359099435,20,65.55503741293582,115,0.9200627860094497,0.9394230417397573,64.2040355401545
39.0,44.0,2,54.64547521362037,44,61.53661215481899,229,0.8880156592978938,0.9394230417397573,58.16918766695365
39.0,44.0,3,51.95197410536414,43,58.5758375631113,264,0.886918160570723,0.9394230417397573,55.302001118848516
39.0,44.0,4,47.886859118696776,23,54.29458143064502,223,0.881982287309216,0.9394230417397573,50.97475470690294
39.0,44.0,5,42.58909427378861,13,46.69501841442877,109,0.9120693324457191,0.9394230417397573,45.33537328924364
40.0,45.0,1,62.20254171280196,23,67.11833185218286,110,0.9267593516744855,0.9396821495810579,66.19529991128805
40.0,45.0,2,55.503424563942794,46,62.665695188375494,237,0.8857066756715514,0.9396821495810579,59.06616890476008
40.0,45.0,3,54.47487128812094,41,59.68064992859197,255,0.9127727555463998,0.9396821495810579,57.97159317372122
40.0,45.0,4,49.657614006452995,26,54.98414668335203,226,0.9031260281700109,0.9396821495810579,52.84511792481324
40.0,45.0,5,40.8388507014994,10,47.57775100630519,100,0.8583602595273424,0.9396821495810579,43.460281457625584
41.0,46.0,1,63.437695018742104,23,68.32190280060422,118,0.9285118302966977,0.9399412574223585,67.49112725694161
41.0,46.0,2,56.49157777368616,46,63.72227972697493,244,0.8865278834299478,0.9399412574223585,60.10117901261772
41.0,46.0,3,54.876953208695454,41,60.951275320278334,261,0.9003413451209286,0.9399412574223585,58.383385956678715
41.0,46.0,4,49.67703568009518,24,56.253844281748364,218,0.8830869483565759,0.9399412574223585,52.85121308147135
41.0,46.0,5,43.012553174663864,11,48.18722304841828,102,0.8926132375680803,0.9399412574223585,45.76089498679848
42.0,47.0,1,64.38513839276183,23,69.51581813534217,129,0.9261940680523779,0.940200365263659,68.4802312055116
42.0,47.0,2,58.41359093658326,46,64.69398748473911,257,0.9029214801508818,0.940200365263659,62.12887496613812
42.0,47.0,3,56.08168709344132,42,61.87797580366169,258,0.9063271117883372,0.940200365263659,59.64865486700211
42.0,47.0,4,52.24310839494342,24,57.062310556856744,204,0.9155449172162161,0.940200365263659,55.56593075806023
42.0,47.0,5,43.65132139065234,9,49.68271360510008,99,0.8786017957395025,0.940200365263659,46.42767967699233
43.0,48.0,1,65.62004023007634,24,70.0017933019164,132,0.9374051311379747,0.9404594731049596,69.77444760424338
43.0,48.0,2,59.674712719609225,49,65.9223807644578,262,0.9052269051512014,0.9404594731049596,63.45272117105811
43.0,48.0,3,57.46794991618207,35,62.374888351502484,255,0.9213315075184064,0.9404594731049596,61.106248126194785
43.0,48.0,4,55.382274967378216,26,57.91854336099895,210,0.9562097344573655,0.9404594731049596,58.8885290128789
43.0,48.0,5,44.26930734385821,9,50.20336958620677,96,0.881799522795798,0.9404594731049596,47.07199896418881
44.0,49.0,1,66.41107639843928,26,71.97249510185856,140,0.9227285549076975,0.9407185809462602,70.59611422965303
44.0,49.0,2,60.56018424771646,51,66.50190690951779,261,0.9106533490853786,0.9407185809462602,64.37651543652888
44.0,49.0,3,58.20126066134628,33,63.4223002590828,254,0.9176781735066633,0.9407185809462602,61.868939170737086
44.0,49.0,4,53.07926081972505,24,59.29345398905309,204,0.8951959659750076,0.9407185809462602,56.42416541441449
44.0,49.0,5,46.830929218460554,8,51.56243156728268,94,0.9082374084191881,0.9407185809462602,49.782081662885574
45.0,50.0,1,67.52675983837004,30,73.82054847486594,138,0.9147420499234196,0.9409776887875608,71.76233894065811
45.0,50.0,2,61.89104874357338,51,67.70089250088363,267,0.9141836459950005,0.9409776887875608,65.77313094779038
45.0,50.0,3,58.424465951895705,35,64.70565229659647,244,0.9029267749916315,0.9409776887875608,62.08910864525914
45.0,50.0,4,55.43790992384375,22,60.460894530764584,198,0.9169217616460343,0.9409776887875608,58.91522252273045
45.0,50.0,5,47.26614072753959,9,52.18912386736858,92,0.9056703241016257,0.9409776887875608,50.2308835700892
46.0,51.0,1,68.37285497408534,31,74.9639681953397,146,0.9120762496979967,0.9412367966288614,72.6415023498549
46.0,51.0,2,63.17104829083504,51,68.86806189422983,271,0.9172764058302603,0.9412367966288614,67.1149369819463
46.0,51.0,3,59.74673097654761,35,66.14224926318869,250,0.9033066102546276,0.9412367966288614,63.47683302494846
46.0,51.0,4,57.1618428404162,21,61.039497018616245,189,0.9364730319285329,0.9412367966288614,60.730565406226525
46.0,51.0,5,44.558572174987965,8,53.13628361553578,86,0.8385714834215485,0.9412367966288614,47.34044858273622
47.0,53.0,1,69.72836208550054,29,76.58238934022036,162,0.9105012612720853,0.9417550123114625,74.04087174896775
47.0,53.0,2,64.41098284369923,53,71.83752108395748,279,0.8966203436839258,0.9417550123114625,68.39462705444764
47.0,53.0,3,60.98794822747261,34,68.4437186350524,239,0.8910671343365403,0.9417550123114625,64.7598870514982
47.0,53.0,4,55.84175362254958,23,62.82405430300313,192,0.8888594383486044,0.9417550123114625,59.29541429834332
47.0,53.0,5,48.27301422324839,6,54.38012638490615,86,0.8876958814249306,0.9417550123114625,51.25856894009635
48.0,54.0,1,70.93763163139123,31,78.320127238492,162,0.9057394839947029,0.9420141201527631,75.3042126586038
48.0,54.0,2,65.96042813381867,51,72.76978332342243,287,0.9064260620463874,0.9420141201527631,70.02063633942355
48.0,54.0,3,61.86063835317017,35,68.80499581842294,232,0.8990719004826481,0.9420141201527631,65.66848312543176
48.0,54.0,4,56.275093928010214,22,63.78105033250602,182,0.8823168266222422,0.9420141201527631,59.739119323269044
48.0,54.0,5,48.801064569081575,6,55.191212646817974,84,0.8842180163964051,0.9420141201527631,51.805024494927615
49.0,55.0,1,72.38193632469671,36,79.58282799031745,170,0.9095170170819156,0.9422732279940637,76.81629295441759
49.0,55.0,2,66.81787210192762,53,73.0321974236269,295,0.9149097858078571,0.9422732279940637,70.91135576903876
49.0,55.0,3,63.05625815219163,32,69.71141348812564,242,0.9045327730003979,0.9422732279940637,66.9192929172226
49.0,55.0,4,55.65660251310801,22,64.74443267775708,168,0.859635341777098,0.9422732279940637,59.06630991903619
50.0,56.0,1,72.12057612155859,41,80.39885373433059,181,0.8970348801224619,0.9425323358353642,76.51787994906115
50.0,56.0,2,68.20347031593953,46,74.30822669663229,297,0.9178454842474469,0.9425323358353642,72.3619421030165
50.0,56.0,3,65.06653220185706,32,70.27887082714273,241,0.9258334892985705,0.9425323358353642,69.03373998748674
50.0,56.0,4,57.77373185306562,22,65.03259314255776,176,0.8883811802863218,0.9425323358353642,61.29628624556514
51.0,57.0,1,73.98545301114618,42,80.87923131624206,197,0.9147645422328404,0.9427914436766648,78.47488806497896
51.0,57.0,2,68.57340413396304,44,75.65824999740414,284,0.9063572596024335,0.9427914436766648,72.73443622541046
51.0,57.0,3,66.62599719133577,32,71.54075903594514,248,0.9313012342776517,0.9427914436766648,70.66886068833003
51.0,57.0,4,55.88138288153264,23,65.69096431266662,171,0.8506707652449168,0.9427914436766648,59.27226350677133
52.0,58.0,0,85.95282713835155,6,84.32978519264992,51,1.0192463664172013,0.9430505515179654,91.14339310867169
52.0,58.0,1,75.09305288289562,45,82.13678419932445,200,0.9142438873752892,0.9430505515179654,79.62781291206856
52.0,58.0,2,68.8740555752049,46,76.7538852915169,288,0.8973364060153591,0.9430505515179654,73.03325942002043
52.0,58.0,3,66.84875458565712,33,72.16130438731817,248,0.9263795208974258,0.9430505515179654,70.88565345522056
52.0,58.0,4,57.2540887639123,19,66.30319327241094,165,0.8635193259648927,0.9430505515179654,60.71157974697562
53.0,59.0,0,82.55513802598955,9,84.8263852876829,58,0.9732247548449628,0.9433096593592659,87.5164769139164
53.0,59.0,1,77.23883789559898,49,83.42119960852544,205,0.9258898008906762,0.9433096593592659,81.88068162904504
53.0,59.0,2,68.79283372297245,46,77.08565781131539,299,0.8924206613292254,0.9433096593592659,72.92709561534578
53.0,59.0,3,68.86779440754282,31,73.5096962653672,241,0.936853203132995,0.9433096593592659,73.0065612328412
53.0,59.0,4,61.619807052844564,19,67.94945905585857,157,0.906847646898695,0.9433096593592659,65.32298958403462
53.0,59.0,5,56.29815632168317,6,58.766796206289676,51,0.9579926073230058,0.9433096593592659,59.68152214186289
54.0,60.0,0,86.13129798754004,10,86.12729046716716,58,1.0000465302037385,0.9435687672005666,91.28248091877741
54.0,60.0,1,77.69248459331754,41,84.71645701019214,213,0.9170884540647214,0.9435687672005666,82.33897442771449
54.0,60.0,2,70.36332384633238,45,78.25063500455785,294,0.8992045092315729,0.9435687672005666,74.57148465722354
54.0,60.0,3,70.74011659958302,33,74.49268911549748,244,0.949624955677244,0.9435687672005666,74.97081194141134
54.0,60.0,4,61.8743406704083,20,68.56102635612292,153,0.902471038706709,0.9435687672005666,65.57480792203478
55.0,62.0,0,90.13701193294781,13,89.00160382396781,70,1.012757164592513,0.9440869828831677,95.47532543842141
55.0,62.0,1,80.09598663227786,45,86.4645175407263,218,0.9263451518659228,0.9440869828831677,84.83962609850947
55.0,62.0,2,70.40829756909132,47,80.0785341566009,300,0.8792405893869317,0.9440869828831677,74.57818913472346
55.0,62.0,3,73.14538446360476,31,75.58422215772777,240,0.9677335080721783,0.9440869828831677,77.4773784511089
55.0,62.0,4,63.26987463009327,22,69.76116837494608,139,0.9069497559163002,0.9440869828831677,67.01699713820015
56.0,63.0,0,89.31693255390019,13,90.32663924079807,74,0.988821606832884,0.9443460907244683,94.58071932651244
56.0,63.0,1,80.45638642820363,40,87.17665983394929,223,0.9229120108691229,0.9443460907244683,85.19798749469105
56.0,63.0,2,72.7604320004957,47,80.9782844415026,307,0.8985178248997935,0.9443460907244683,77.0484811820172
56.0,63.0,3,71.59765809433246,30,76.55507401520713,240,0.9352437969050894,0.9443460907244683,75.81718058408578
56.0,63.0,4,65.36613030236458,18,70.24215890345964,132,0.9305825920328469,0.9443460907244683,69.21840514235416
57.0,64.0,0,90.18507471849767,15,91.6296444957775,78,0.9842346897095471,0.9446051985657689,95.47382848985927
57.0,64.0,1,80.65666406554399,42,88.34727524262894,238,0.9129502165633954,0.9446051985657689,85.38664003544356
57.0,64.0,2,74.06806325313751,49,81.67119122615267,298,0.9069056314856285,0.9446051985657689,78.41166168214822
57.0,64.0,3,72.0336835562255,31,77.43632239842843,243,0.9302312057847342,0.9446051985657689,76.25797917013062
57.0,64.0,4,67.09990740058144,13,71.06871837887071,130,0.9441553039252608,0.9446051985657689,71.03486991439584
58.0,65.0,0,90.32895120357942,16,92.98378847811864,82,0.9714483855950442,0.9448643064070694,95.59991904770251
58.0,65.0,1,82.30844055034022,38,88.75386490147179,242,0.927378662796411,0.9448643064070694,87.11138730949145
58.0,65.0,2,75.59019077608444,52,83.04322493682643,304,0.9102511473222319,0.9448643064070694,80.0011073161636
58.0,65.0,3,70.38070361345828,34,78.49479494773047,237,0.8966289250175716,0.9448643064070694,74.48763080181023
58.0,65.0,4,68.20143307653483,11,72.66691307242279,121,0.9385486487992482,0.9448643064070694,72.18119322961499
59.0,66.0,0,91.87079830876031,18,94.02739433446322,86,0.9770641732553843,0.94512341424837,97.2050812875296
59.0,66.0,1,82.7979307311305,43,90.18141268659481,257,0.9181263440491453,0.94512341424837,87.60541690418005
59.0,66.0,2,76.44999024765231,53,83.70720615140331,298,0.9133023757760509,0.94512341424837,80.88889672514445
59.0,66.0,3,70.83671724048794,27,79.52783620054326,228,0.8907160137220488,0.94512341424837,74.94970093066881
59.0,66.0,4,68.39220593127364,13,72.51076941567,124,0.9432006649827892,0.94512341424837,72.36325425887796
60.0,67.0,0,93.10387322880136,17,94.66461185128237,91,0.9835129665462219,0.9453825220896706,98.48275280465822
60.0,67.0,1,83.73302538900236,41,91.48058579642687,259,0.9153092392230056,0.9453825220896706,88.57052402864308
60.0,67.0,2,77.12061872791895,52,84.92991332408997,309,0.9080501287412012,0.9453825220896706,81.57609954270339
60.0,67.0,3,72.29474892733168,27,80.15860472619025,229,0.9018962988974133,0.9453825220896706,76.4714253099704
60.0,67.0,4,68.18612246495793,14,73.64719725446592,113,0.9258481654007976,0.9453825220896706,72.12543163400096
61.0,68.0,0,94.07306844066346,20,95.00211593960891,97,0.9902207704559335,0.9456416299309711,99.48067583227116
61.0,68.0,1,85.14218069513981,41,92.71473061739121,268,0.918324198627063,0.9456416299309711,90.03641337295495
61.0,68.0,2,78.34782176103253,53,85.5250012434897,304,0.9160809192855346,0.9456416299309711,82.85149392878535
61.0,68.0,3,73.71297087144619,27,81.54993306849164,223,0.9038998328733956,0.9456416299309711,77.95021764939325
61.0,68.0,4,67.84379130793144,13,74.63034365151276,103,0.9090644366415997,0.9456416299309711,71.74365971270092
62.0,69.0,0,95.92761407177385,21,96.21192466292496,104,0.9970449547481023,0.9459007377722717,101.41403874755059
62.0,69.0,1,84.13941008058417,44,93.45019931500501,269,0.9003662988129568,0.9459007377722717,88.95162750242085
62.0,69.0,2,79.0433407572686,52,86.66872378497916,310,0.9120168995838825,0.9459007377722717,83.5640967396079
62.0,69.0,3,76.0341873907654,29,81.60221167096405,215,0.9317662577253419,0.9459007377722717,80.38283971512331
62.0,69.0,4,68.02817160973939,11,74.82477597581145,97,0.9091663920481473,0.9459007377722717,71.91893281524997
63.0,71.0,0,94.40379174370408,25,99.60848275339256,105,0.9477485163329503,0.9464189534548729,99.74841627916048
63.0,71.0,1,84.86175325319968,47,94.6560831080792,310,0.8965272010706775,0.9464189534548729,89.66615994260734
63.0,71.0,2,80.18857925974577,47,88.57691383760917,298,0.9052988615832563,0.9464189534548729,84.72841648724368
63.0,71.0,3,76.2754434193052,28,82.37195490612996,200,0.9259880199058981,0.9464189534548729,80.5937403735038
63.0,71.0,4,69.85163023480035,10,77.99715934322973,88,0.8955663362997025,0.9464189534548729,73.80624614480632
64.0,72.0,0,94.2093350677825,24,101.01330092132928,109,0.9326428718645101,0.9466780612961735,99.51570541181961
64.0,72.0,1,86.59916157717659,46,96.2564389539718,316,0.8996713624382764,0.9466780612961735,91.47688651261937
64.0,72.0,2,80.75072682815849,50,89.25922453519658,306,0.9046765446221973,0.9466780612961735,85.29903684215111
64.0,72.0,3,78.1724930121156,27,82.45722418578147,197,0.9480369219801518,0.9466780612961735,82.57558319782262
64.0,72.0,4,68.54923586904124,10,78.8009922756224,87,0.8699032066661855,0.9466780612961735,72.41029307807655
65.0,73.0,0,94.42544874783599,26,101.37659532615334,117,0.9314324321510916,0.946937169137474,99.71669908558371
65.0,73.0,1,88.3824119755396,47,96.95351026865399,313,0.911595791948489,0.946937169137474,93.33503304769786
65.0,73.0,2,80.71855841199242,52,90.33270966546432,299,0.8935695465233282,0.946937169137474,85.24172568441433
65.0,73.0,3,78.54762564337254,28,83.98168723802092,194,0.935294684194101,0.946937169137474,82.94914193189642
65.0,73.0,4,71.08401403493875,6,79.9390647023884,83,0.8892274922102625,0.946937169137474,75.0672973368299
66.0,74.0,0,96.61986482248393,31,102.47160173823224,123,0.9428940621939648,0.9471962769787746,102.00617039022531
66.0,74.0,1,87.52811266352425,44,98.09021394000133,310,0.8923225788564639,0.9471962769787746,92.40757675136601
66.0,74.0,2,84.3186997512717,50,91.5759189375118,311,0.9207518824769623,0.9471962769787746,89.01924743646471
66.0,74.0,3,80.56942116247156,25,84.44440258346596,183,0.9541120393721263,0.9471962769787746,85.06095634102351
66.0,74.0,4,72.2105689287013,6,80.26400739873294,76,0.8996631400420362,0.9471962769787746,76.23611988745121
67.0,75.0,0,96.70795530494073,30,103.80606785228736,128,0.9316214100562309,0.9474553848200752,102.07124984920095
67.0,75.0,1,88.63736499440895,46,98.69498563236554,326,0.8980939044317735,0.9474553848200752,93.55307533688404
67.0,75.0,2,84.09337121086718,48,92.16063547143214,310,0.9124651840853935,0.9474553848200752,88.75707770328074
67.0,75.0,3,80.24314235739395,25,86.18318091864381,174,0.9310765917672822,0.9474553848200752,84.6933202798065
67.0,75.0,4,76.76978444597297,6,80.75016555731106,77,0.9507074557201609,0.9474553848200752,81.02733455945453
68.0,76.0,0,98.66611946932764,31,104.87307319075182,140,0.9408146101513163,0.9477144926613758,104.1095395642342
68.0,76.0,1,90.28610169363769,49,99.47668995288879,328,0.9076106345757616,0.9477144926613758,95.26719533442596
68.0,76.0,2,85.34873208201424,44,92.69648657191416,314,0.9207331932241086,0.9477144926613758,90.05743052671652
68.0,76.0,3,80.96346719293989,24,86.93766837753151,162,0.9312817873301096,0.9477144926613758,85.43023011664404
69.0,77.0,0,100.32897327396182,33,106.06527725320589,153,0.9459172301454509,0.9479736005026763,105.83519754216887
69.0,77.0,1,91.7826871006296,47,100.37461344329547,336,0.914401400434586,0.9479736005026763,96.81987668428798
69.0,77.0,2,86.09073131797825,46,94.12144662388992,317,0.9146770943927108,0.9479736005026763,90.81553671149432
69.0,77.0,3,81.4839410368431,23,88.06623364935135,148,0.9252574756550098,0.9479736005026763,85.95591796399721
70.0,78.0,0,101.05380208266145,34,107.03865843499513,168,0.9440869640946752,0.9482327083439769,106.57067742278682
70.0,78.0,1,92.22649775576326,53,100.83105308916643,334,0.9146636371456517,0.9482327083439769,97.26146012916016
70.0,78.0,2,86.89070972685994,45,94.79822680872958,308,0.9165858123293349,0.9482327083439769,91.63437304183334
70.0,78.0,3,82.67851077403598,21,88.78933211203507,145,0.9311761763193758,0.9482327083439769,87.19221563072666
71.0,80.0,0,101.50413672864926,39,109.58030004334591,169,0.9262991312169977,0.9487509240265781,106.98712818940636
71.0,80.0,1,94.08419315894274,48,103.16068319462826,341,0.9120159952938529,0.9487509240265781,99.16637842063075
71.0,80.0,2,88.33893567898726,44,96.19853727592223,310,0.9182981174194821,0.9487509240265781,93.1107769614278
71.0,80.0,3,84.08745777327815,20,90.34408301352249,132,0.9307467071273736,0.9487509240265781,88.6296451932863
72.0,81.0,0,102.55316736790178,38,110.77586606387652,179,0.9257717498571999,0.9490100318678787,108.06331221394217
72.0,81.0,1,94.88832057792422,50,103.70810134843806,355,0.9149557203744269,0.9490100318678787,99.98663595911765
72.0,81.0,2,90.34607961441598,44,97.17374018137654,298,0.9297375962454815,0.9490100318678787,95.20034202019265
72.0,81.0,3,84.18129430441779,18,90.97867039066843,123,0.9252860471903771,0.9490100318678787,88.70432500985144
73.0,82.0,0,104.02939141450445,40,112.0147150217756,195,0.9287118339254016,0.9492691397091793,109.58893222461143
73.0,82.0,1,97.4597364956487,55,104.6646251876599,354,0.9311621411810047,0.9492691397091793,102.66818167659673
73.0,82.0,2,89.99277622252353,42,98.29988882541932,288,0.9154921465104684,0.9492691397091793,94.80217196367931
73.0,82.0,3,85.00970037852724,16,90.6664830782337,121,0.9376088880074308,0.9492691397091793,89.55279048107585
74.0,83.0,0,105.68099410211869,42,112.29947503539336,205,0.9410640082583759,0.9495282475504798,111.29842042587613
74.0,83.0,1,97.59675264517021,56,105.03943939619873,361,0.9291438835373501,0.9495282475504798,102.7844647033333
74.0,83.0,2,91.12174732765634,41,99.0129900128416,287,0.9203009354210816,0.9495282475504798,95.96528335278623
74.0,83.0,3,84.57758952047134,14,91.8768521248496,128,0.9205538453313632,0.9495282475504798,89.07327374268024
75.0,84.0,0,108.02922007189832,43,113.74400595978128,208,0.9497574765398746,0.9497873553917804,113.74042774799528
75.0,84.0,1,97.63671280275028,56,105.9811156797866,367,0.9212651912228565,0.9497873553917804,102.79849720938414
75.0,84.0,2,92.27247208360421,43,99.43017065328634,272,0.928012810169651,0.9497873553917804,97.15066384047879
75.0,84.0,3,83.89043592235002,12,93.60727553673628,132,0.8961956796769192,0.9497873553917804,88.32549248641642
76.0,85.0,0,109.57753153206497,43,114.35938714779043,222,0.9581857184181504,0.9497873553917804,115.3705941756458
76.0,85.0,1,99.5950096431963,60,107.66192980939896,373,0.9250717483841869,0.9497873553917804,104.86032381649689
76.0,85.0,2,91.65299600253853,43,100.76391601141893,272,0.9095815211484246,0.9497873553917804,96.49843776318998
76.0,85.0,3,86.88786340883945,10,93.36257789456099,119,0.9306497889011404,0.9497873553917804,91.48138571817356
77.0,86.0,0,111.63918716944333,46,115.57130033492028,232,0.9659767333751385,0.9477271389640226,117.7967608814897
77.0,86.0,1,99.37166672535623,62,108.24241698823548,381,0.9180473744978979,0.9477271389640226,104.85261278260025
77.0,86.0,2,92.66494842119766,37,101.90216628594433,261,0.9093520952358715,0.9477271389640226,97.7759785611831
77.0,86.0,3,87.83508364736154,13,93.8310628982695,116,0.9360981420682752,0.9477271389640226,92.6797176488748
78.0,88.0,0,111.86479194942619,51,117.46757327606058,264,0.952303591788116,0.9436949174415349,118.53914849165922
78.0,88.0,1,99.72634015621162,65,110.741217919241,393,0.9005349772199357,0.9436949174415349,105.67646207799991
78.0,88.0,2,93.83740496505513,32,103.2803631380758,237,0.9085696652673815,0.9436949174415349,99.43616653087324
78.0,88.0,3,89.13818642831988,11,96.17894551690554,107,0.9267952143710279,0.9436949174415349,94.45657148391106
79.0,89.0,0,113.9834656144581,51,118.43766656875256,275,0.962392023725756,0.9417229123468048,121.03715872263054
79.0,89.0,1,101.34567960580407,65,111.3255131288323,392,0.9103544799162165,0.9417229123468048,107.61730258133707
79.0,89.0,2,95.9526960341058,30,104.64467489946307,238,0.9169381636121661,0.9417229123468048,101.89058243787282
79.0,89.0,3,95.64625927309935,7,97.2681000891858,108,0.983326076950209,0.9417229123468048,101.56518230478824
80.0,91.0,0,114.24530974987914,59,121.03185765482021,299,0.9439275903349668,0.9378671134903728,121.81396288084247
80.0,91.0,1,102.3662930829087,68,113.0815538221312,401,0.9052430712432834,0.9378671134903728,109.14797161608705
80.0,91.0,2,95.22145894245271,25,106.33904073761373,225,0.895451550831711,0.9378671134903728,101.52979838271104
80.0,91.0,3,93.54717904503376,8,98.50710767301807,89,0.9496490279214351,0.9378671134903728,99.74459888766962
81.0,92.0,0,114.79368941869184,62,122.01540291892732,307,0.9408130995966638,0.9359833197286707,122.64501620816173
81.0,92.0,1,103.17262539146687,61,113.82258937883563,403,0.9064336521819716,0.9359833197286707,110.22912825131891
81.0,92.0,2,97.10542739479853,27,106.55149309405206,229,0.9113474112379113,0.9359833197286707,103.74696359220175
81.0,92.0,3,98.65870383181495,6,99.85653093046682,79,0.9880045192088042,0.9359833197286707,105.40647653893535
82.0,94.0,0,116.93015363113693,68,123.94675282688033,334,0.9433902136545387,0.9323039435382944,125.42063609359175
82.0,94.0,1,103.65813834481487,66,115.83892063797528,398,0.8948472393727812,0.9323039435382944,111.18491889180464
82.0,94.0,2,98.7572754542416,22,109.27166758109038,218,0.9037775083001632,0.9323039435382944,105.92819663449717
82.0,94.0,3,97.34414913868638,6,100.18889994543224,68,0.9716061279413662,0.9323039435382944,104.41246099340131
83.0,95.0,0,117.74144836917543,67,125.11268341448684,364,0.941083231178959,0.93050836110962,126.53454099947062
83.0,95.0,1,105.33819468902912,58,117.3799848039383,412,0.897411895775734,0.93050836110962,113.20499534621548
83.0,95.0,2,98.52161070854663,24,109.48376257490985,208,0.8998741766948062,0.93050836110962,105.87933953764886
84.0,97.0,0,118.07317813373542,74,126.75421719947589,394,0.9315128186064301,0.9270054075852994,127.37053869113574
84.0,97.0,1,104.52248631567711,60,118.57819399012303,401,0.8814646504430934,0.9270054075852994,112.75283343593588
84.0,97.0,2,100.9703917736599,22,110.74207110640468,188,0.9117618152241723,0.9270054075852994,108.9210385909955
85.0,98.0,0,119.10374303020447,83,128.23762029767744,403,0.9287738087600929,0.925298036489653,128.71932970057298
85.0,98.0,1,106.0455710457475,56,119.4899124620814,395,0.8874855530536915,0.925298036489653,114.60693405127887
85.0,98.0,2,103.16093982601717,21,111.99848610391639,178,0.9210922702142651,0.925298036489653,111.48941828233389
86.0,100.0,0,119.77275433940574,82,130.36536537938852,470,0.918746739142285,0.9219715056313881,129.9093883138856
86.0,100.0,1,109.09512316433131,53,121.0383783946533,385,0.901326708200103,0.9219715056313881,118.3280855188907
86.0,100.0,2,103.44914143694764,19,113.703082717353,164,0.9098182649462991,0.9219715056313881,112.20427182953252
87.0,101.0,0,120.73009339174727,85,131.17511674461977,484,0.9203734396272157,0.9203523458687695,131.17812317605788
87.0,101.0,1,109.30118648573469,51,121.67208609097231,387,0.8983259019986877,0.9203523458687695,118.76015416960718
87.0,101.0,2,103.24333794326142,16,114.89098369644375,153,0.8986200189219646,0.9203523458687695,112.17805703076093
88.0,102.0,0,122.29094008038076,92,131.46311043788748,518,0.93023008259157,0.918762589883827,133.10396116133097
88.0,102.0,1,110.01560004785264,50,123.19097041112043,375,0.8930492200905785,0.918762589883827,119.7432299259851
88.0,102.0,2,101.8482034241041,16,116.97583052311803,143,0.870677326834416,0.918762589883827,110.85366834209293
89.0,104.0,0,123.92049547756217,92,133.23205702709828,552,0.9301102020241103,0.9156712892469696,135.33294855129944
89.0,104.0,1,111.08618299541247,55,124.9398518444969,360,0.889117294085421,0.9156712892469696,121.31666057452517
89.0,104.0,2,103.35979453327745,10,116.42172803362222,110,0.8878050195529436,0.9156712892469696,112.87871067605336
90.0,105.0,0,123.27905987060045,104,134.43571767363355,584,0.9170112080621472,0.9141697445950548,134.85357681051755
90.0,105.0,1,111.19883615801577,51,125.23079651166302,345,0.8879512009464826,0.9141697445950548,121.63915598330478
90.0,105.0,2,105.78889137876068,9,118.74592647703349,94,0.8908843824568684,0.9141697445950548,115.72127824643928
91.0,107.0,0,123.6563370783744,103,136.40721395958695,647,0.9065234417514735,0.9112548666242533,135.69895932238992
91.0,107.0,1,113.1253282884404,47,124.93020211346771,333,0.9055082468024381,0.9112548666242533,124.14235844634067
91.0,107.0,2,104.06799175875132,7,121.541060633164,70,0.8562373177970694,0.9112548666242533,114.20294757302263
92.0,108.0,0,125.02208640558081,108,137.26555885718514,671,0.9108044832692316,0.9098415333053664,137.41083675460234
92.0,108.0,1,113.1091206918032,50,126.35110762425434,322,0.8951969066086033,0.9098415333053664,124.3173855571186
93.0,110.0,0,125.21705600627305,113,139.14622888656922,708,0.8998954338054601,0.9071030780006205,138.04060314983013
93.0,110.0,1,113.9045788546519,44,127.60691424501694,297,0.8926207449538722,0.9071030780006205,125.56960903022532
94.0,111.0,0,127.0839430624824,125,139.7106233730076,745,0.9096226184832507,0.9057779560147615,140.30363867721607
94.0,111.0,1,113.99643904449671,41,128.18281240379068,271,0.8893270236995171,0.9057779560147615,125.85472884111446
95.0,113.0,0,126.7587592774579,130,140.47912714132906,814,0.9023316264624297,0.9032159233760713,140.34159052871289
95.0,113.0,1,116.12566017026838,31,131.28463265199244,219,0.8845335346909393,0.9032159233760713,128.56910198860305
96.0,114.0,0,127.25250686999497,128,141.48996310840295,882,0.8993747971543402,0.9019790127232402,141.0814498729813
96.0,114.0,1,116.49800156380687,29,132.30760524905162,182,0.8805087307302913,0.9019790127232402,129.15821756437327
97.0,116.0,0,128.4567397090858,137,142.40267654698607,930,0.9020668910440123,0.8995934027506057,142.79422160757872
97.0,116.0,1,119.39777055617665,22,132.039409102425,121,0.9042585949741563,0.8995934027506057,132.72415092318911
98.0,117.0,0,127.77097117305186,148,142.92149731271573,969,0.8939940706994264,0.8984447034308024,142.21350594549162
98.0,117.0,1,123.7643293612408,12,130.57948849076283,98,0.9478083487055157,0.8984447034308024,137.7539751624492
99.0,119.0,0,128.68611058962009,149,144.46054792476266,1038,0.8908045306365711,0.8962355161242237,143.5851495219962
99.0,119.0,1,126.55189643206802,6,131.8241497906029,29,0.9600054059373064,0.8962355161242237,141.203840012213
100.0,120.0,0,129.8269036888027,165,145.05730962235214,1094,0.8950042161046495,0.8951750281374482,145.02963063986257
