ballsremaining,wickets,wkt_value_sum_smooth
120,0,32.1746952905252
119,0,31.671588505503674
118,0,31.161269446082912
117,0,30.64459812354966
116,0,30.122402312275288
115,0,29.59547810385012
114,0,29.06459046121698
113,0,28.53047377280581
112,0,27.993832406667284
111,0,27.455341264607164
110,0,26.91564633632033
109,0,26.375365253524844
108,0,25.83508784409588
107,0,25.29537668619999
106,0,24.75676766242908
105,0,24.219770513934503
104,0,23.684869394561108
103,0,23.152523424981403
102,0,22.623167246829496
101,0,22.097211576835168
100,0,21.575043760958188
99,0,21.057028328522065
98,0,20.54350754634821
97,0,20.03480197289024
96,0,19.531211012367727
95,0,19.03301346890047
94,0,18.54046810064246
93,0,18.05381417391607
92,0,17.573272017346014
91,0,17.099043575993466
90,0,16.63131296549016
89,0,16.17024702617237
88,0,15.715995877215134
87,0,15.268693470766188
86,0,14.8284581460801
85,0,14.395393183652295
84,0,13.96958735935322
83,0,13.551115498562336
82,0,13.140039030302225
81,0,12.736406541372622
80,0,12.340254330484555
79,0,11.951606962394346
78,0,11.570477822037764
77,0,11.196869668663986
76,0,10.830775189969817
75,0,10.472177556233586
74,0,10.121050974449387
73,0,9.777361242461058
72,0,9.44106630309625
71,0,9.11211679830053
70,0,8.790456623271478
69,0,8.476023480592673
68,0,8.168749434367857
67,0,7.868561464354967
66,0,7.575382020100193
65,0,7.289129575072082
64,0,7.009719180795592
63,0,6.737063020986156
62,0,6.471070965683789
61,0,6.211651125387126
60,0,5.95871040518751
59,0,5.712155058903043
58,0,5.471891243212715
57,0,5.237825571790401
56,0,5.009865669438994
55,0,4.787920726224439
54,0,4.5719020516098325
53,0,4.36172362858947
52,0,4.15730266782294
51,0,3.958560161769196
50,0,3.765421438820592
49,0,3.577816717437015
48,0,3.3956816602799176
47,0,3.218957928346386
46,0,3.047593735103236
45,0,2.8815444006210797
44,0,2.7207729057083725
43,0,2.5652504460455336
42,0,2.4149569863189733
41,0,2.2698818143551858
40,0,2.130024095254818
39,0,1.9953934255267556
38,0,1.8660103872221607
37,0,1.741907102068584
36,0,1.6231277856040158
35,0,1.5097293013109585
34,0,1.4017817147505056
33,0,1.2993688476964076
32,0,1.2025888322691571
31,0,1.1115546650700443
30,0,1.026394761315239
29,0,0.9472535089698644
28,0,0.8742918228820632
27,0,0.8076876989170785
26,0,0.7476367680913141
25,0,0.6943528507064212
24,0,0.6480685104833608
23,0,0.6090356086964794
22,0,0.5775258583075797
21,0,0.5538313780999999
20,0,0.5382652468126738
19,0,0.5311620572742157
18,0,0.5328784705369829
17,0,0.543793770011157
16,0,0.5643104155988099
15,0,0.5948545978279789
14,0,0.6358767919867379
13,0,0.6878523122572717
12,0,0.751281865849946
11,0,0.8266921071373823
10,0,0.9146361917885296
9,0,1.015694330902734
8,0,1.1304743451438164
7,0,1.259612218874141
6,0,1.403772654288689
5,0,1.563649625549131
4,0,1.7399669329178988
3,0,1.93347875689226
2,0,2.144970212338387
1,0,2.375257902625433
119,1,35.270821917352194
118,1,34.77327770693991
117,1,34.269632553643085
116,1,33.76060699473453
115,1,33.24689259133436
114,1,32.729152482543924
113,1,32.20802193958008
112,1,31.68410891990903
111,1,31.157994621380716
110,1,30.63023403636252
109,1,30.10135650587374
108,1,29.571866273719262
107,1,29.04224304062391
106,1,28.512942518366422
105,1,27.9843969839135
104,1,27.457015833553957
103,1,26.93118613703273
102,1,26.40727319168493
101,1,25.885621076569976
100,1,25.36655320660568
99,1,24.85037288670225
98,1,24.33736386589631
97,1,23.82779089148521
96,1,23.321900263160856
95,1,22.819920387143902
94,1,22.32206233031773
93,1,21.828520374362707
92,1,21.339472569890013
91,1,20.85508129057589
90,1,20.375493787295667
89,1,19.90084274225781
88,1,19.431246823138004
87,1,18.966811237213243
86,1,18.507628285495908
85,1,18.05377791686775
84,1,17.605328282214145
83,1,17.162336288557967
82,1,16.724848153193804
81,1,16.292899957821934
80,1,15.866518202682464
79,1,15.445720360689368
78,1,15.030515431564568
77,1,14.620904495972034
76,1,14.21688126965179
75,1,13.818432657554055
74,1,13.42553930797328
73,1,13.038176166682224
72,1,12.656313031066054
71,1,12.279915104256318
70,1,11.9089435492652
69,1,11.543356043119406
68,1,11.183107330994346
67,1,10.828149780348175
66,1,10.47843393505586
65,1,10.13390906954329
64,1,9.794523742921251
63,1,9.46022635311963
62,1,9.130965691021398
61,1,8.806691494596691
60,1,8.487355003036932
59,1,8.17290951088884
58,1,7.86331092218855
57,1,7.558518304595669
56,1,7.258494443527319
55,1,6.963206396292286
54,1,6.672626046225005
53,1,6.386730656819672
52,1,6.10550342586436
51,1,5.828934039574982
50,1,5.557019226729482
49,1,5.289763312801838
48,1,5.027178774096134
47,1,4.769286791880674
46,1,4.516117806522006
45,1,4.267712071619048
44,1,4.024120208137099
43,1,3.785403758541973
42,1,3.5516357409340102
41,1,3.322901203182207
40,1,3.099297777058249
39,1,2.880936232370596
38,1,2.66794103109857
37,1,2.4604508815263912
36,1,2.2586192923772845
35,1,2.062615126947541
34,1,1.872623157240588
33,1,1.6888446181010472
32,1,1.5114977613488476
31,1,1.3408184099132503
30,1,1.177060511966964
29,1,1.020496695060177
28,1,0.8714188202546591
27,1,0.7301385362578241
26,1,0.5969878335568044
25,1,0.4723195985525139
24,1,0.3565081676937378
23,1,0.2499498816111902
22,1,0.1530636392515862
21,1,0.0662914520117325
20,1,0.0
19,1,0.0
18,1,0.0
17,1,0.0
16,1,0.0
15,1,0.0
14,1,0.0
13,1,0.0
12,1,0.0
11,1,0.0
10,1,0.0
9,1,0.0087826048951491
8,1,0.1052408601185739
7,1,0.2207384523558042
6,1,0.3561305758435176
5,1,0.5123044034136299
4,1,0.6901796406273673
3,1,0.8907090799093389
2,1,1.11487915468161
1,1,1.3637104934977728
116,2,36.577729756746585
115,2,36.0527293138646
114,2,35.526429027948176
113,2,34.999307251921046
112,2,34.47181773158486
111,2,33.944390159753475
110,2,33.4174307303869
109,2,32.89132269272544
108,2,32.36642690542362
107,2,31.84308239068445
106,2,31.32160688839336
105,2,30.802297410252343
104,2,30.285430793914035
103,2,29.77126425711575
102,2,29.260035951813457
101,2,28.751965518316112
100,2,28.24725463941949
99,2,27.74608759454037
98,2,27.248631813850547
97,2,26.755038432410974
96,2,26.26544284430573
95,2,25.7799652567763
94,2,25.29871124435536
93,2,24.82177230300106
92,2,24.34922640423109
91,2,23.881138549256555
90,2,23.417561323116335
89,2,22.95853544881093
88,2,22.504090341436623
87,2,22.054244662319583
86,2,21.60900687314984
85,2,21.16837579011544
84,2,20.732341138036485
83,2,20.30088410449929
82,2,19.873977893990222
81,2,19.451588282030063
80,2,19.033674169307897
79,2,18.620188135815248
78,2,18.211076994980104
77,2,17.80628234780108
76,2,17.40574113698139
75,2,17.009386201062966
74,2,16.617146828560557
73,2,16.22894931209574
72,2,15.844717502531068
71,2,15.464373363104016
70,2,15.087837523561234
69,2,14.715029834292476
68,2,14.345869920464692
67,2,13.980277736156198
66,2,13.618174118490591
65,2,13.259481341770996
64,2,12.904123671613991
63,2,12.55202791908376
62,2,12.203123994826122
61,2,11.857345463202652
60,2,11.514630096424728
59,2,11.1749204286876
58,2,10.838164310304432
57,2,10.504315461840449
56,2,10.17333402824696
55,2,9.84518713299541
54,2,9.519849432211522
53,2,9.197303668809315
52,2,8.877541226625155
51,2,8.560562684551922
50,2,8.246378370672971
49,2,7.935008916396274
48,2,7.626485810588498
47,2,7.320851953709017
46,2,7.018162211944038
45,2,6.71848397134066
44,2,6.421897691940934
43,2,6.128497461915966
42,2,5.838391551699935
41,2,5.551702968124234
40,2,5.26857000855148
39,2,4.989146815009619
38,2,4.713603928326007
37,2,4.44212884226145
36,2,4.174926557644316
35,2,3.91222013650456
34,2,3.65425125620785
33,2,3.4012807635895967
32,2,3.1535892290890377
31,2,2.911477500883328
30,2,2.6752672590215845
29,2,2.44530156955898
28,2,2.2219454386908115
27,2,2.0055863668865648
26,2,1.7966349030239763
25,2,1.595525198523147
24,2,1.402715561480572
23,2,1.2186890108032342
22,2,1.0439538303426668
21,2,0.8790441230290336
20,2,0.7245203650052048
19,2,0.5809699597608118
18,2,0.4490077922663347
17,2,0.329276783107177
16,2,0.2224484426177269
15,2,0.1292234250154367
14,2,0.0503320825348909
13,2,0.0
12,2,0.0
11,2,0.0
10,2,0.0
9,2,0.0
8,2,0.0
7,2,0.0
6,2,0.0330951350635988
5,2,0.1212471884282568
4,2,0.2327917396988774
3,2,0.3688223921473126
2,2,0.5304690966714167
1,2,0.7188987059291223
111,3,36.721138980999896
110,3,36.12809175385418
109,3,35.54120929233275
108,3,34.960651268859706
107,3,34.386558226036016
106,3,33.81905213077384
105,3,33.258236928430364
104,3,32.70419909694184
103,3,32.15700820095787
102,3,31.616717445975297
101,3,31.083364232472377
100,3,30.556970710042865
99,3,30.037544331529915
98,3,29.525078407160407
97,3,29.019552658678787
96,3,28.52093377348128
95,3,28.02917595875004
94,3,27.544221495586957
93,3,27.06600129314789
92,3,26.594435442776867
91,3,26.129433772139773
90,3,25.67089639935902
89,3,25.21871428714697
88,3,24.772769796940388
87,3,24.332937243034515
86,3,23.899083446716944
85,3,23.47106829040196
84,3,23.04874527176429
83,3,22.63196205787345
82,3,22.22056103932768
81,3,21.814379884388032
80,3,21.41325209311252
79,3,21.017007551490103
78,3,20.625473085574768
77,3,20.2384730156196
76,3,19.855829710210912
75,3,19.477364140402337
74,3,19.102896433848716
73,3,18.732246428940435
72,3,18.365234228937247
71,3,18.001680756102502
70,3,17.64140830583723
69,3,17.28424110081408
68,3,16.930005845111488
67,3,16.57853227834778
66,3,16.229653729815148
65,3,15.883207672613793
64,3,15.53903627778599
63,3,15.196986968450148
62,3,14.856912973934826
61,3,14.51867388391294
60,3,14.182136202535707
59,3,13.847173902566787
58,3,13.513668979516318
57,3,13.181512005775026
56,3,12.850602684748274
55,3,12.520850404990142
54,3,12.192174794337458
53,3,11.864506274043968
52,3,11.537786612914305
51,3,11.21196948143812
50,3,10.88702100592414
49,3,10.562920322634238
48,3,10.23966013191751
47,3,9.91724725234434
46,3,9.595703174840471
45,3,9.275064616821105
44,3,8.955384076324933
43,3,8.636730386148237
42,3,8.319189267978956
41,3,8.00286388653075
40,3,7.68787540367709
39,3,7.374363532585306
38,3,7.062487091850692
37,3,6.752424559630519
36,3,6.444374627778199
35,3,6.138556755977275
34,3,5.835211725875528
33,3,5.534602195219058
32,3,5.23701325198633
31,3,4.942752968522267
30,3,4.652152955672317
29,3,4.365568916916526
28,3,4.08338120250361
27,3,3.805995363585021
26,3,3.5338427063490325
25,3,3.267380846154797
24,3,3.0070942616664293
23,3,2.7534948489870743
22,3,2.507122475792994
21,3,2.2685455354676005
20,3,2.038361501235581
19,3,1.8171974802969264
18,3,1.6057107679610338
17,3,1.404589401780755
16,3,1.2145527156864908
15,3,1.036351894120246
14,3,0.8707705261697082
13,3,0.7186251597023299
12,3,0.5807658554993846
11,3,0.4580767413900464
10,3,0.3514765663854637
9,3,0.2619192548128363
8,3,0.190394460449474
7,3,0.1379281206568818
6,3,0.1055830105148283
5,3,0.0944592969554145
4,3,0.1056950928971529
3,3,0.1404670113790338
2,3,0.1999907196946018
1,3,0.2855214935260277
104,4,36.075046342315005
103,4,35.39421344498281
102,4,34.728028935945886
101,4,34.07629017477187
100,4,33.43878197677222
99,4,32.81527716713656
98,4,32.20553713506658
97,4,31.609312387910293
96,4,31.026343105295883
95,4,30.456359693265966
94,4,29.899083338411643
93,4,29.354226562006385
92,4,28.82149377414044
91,4,28.3005818278545
90,4,27.791180573274104
89,4,27.292973411743613
88,4,26.80563784996015
87,4,26.328846054107885
86,4,25.86226540399194
85,4,25.4055590471726
84,4,24.95838645309917
83,4,24.52040396724439
82,4,24.091265365238115
81,4,23.670622407001677
80,4,23.25812539088186
79,4,22.853423707784856
78,4,22.45616639531072
77,4,22.06600269188684
76,4,21.6825825909026
75,4,21.30555739484309
74,4,20.93458026942324
73,4,20.56930679772209
72,4,20.20939553431657
71,4,19.85450855941572
70,4,19.50431203299488
69,4,19.158476748929488
68,4,18.816678689129372
67,4,18.47859957767281
66,4,18.143927434940373
65,4,17.81235713174945
64,4,17.483590943487634
63,4,17.15733910424761
62,4,16.833320360960627
61,4,16.511262527530704
60,4,16.190903038968898
59,4,15.871989505527182
58,4,15.554280266832484
57,4,15.237544946020998
56,4,14.921565003872018
55,4,14.606134292942125
54,4,14.291059611699232
53,4,13.97616125865664
52,4,13.661273586507177
51,4,13.34624555625718
50,4,13.030941291360604
49,4,12.715240631853142
48,4,12.399039688486214
47,4,12.08225139686114
46,4,11.764806071563063
45,4,11.446651960295194
44,4,11.127755798012764
43,4,10.808103361057151
42,4,10.487700021289918
41,4,10.166571300226934
40,4,9.844763423172395
39,4,9.52234387335291
38,4,9.1994019460516
37,4,8.876049302742118
36,4,8.552420525222843
35,4,8.228673669750759
34,4,7.904990821175684
33,4,7.581578647074313
32,4,7.258668951884212
31,4,6.936519231037991
30,4,6.615413225097324
29,4,6.295661473887023
28,4,5.9776018706291225
27,4,5.661600216076955
26,4,5.348050772649199
25,4,5.037376818563985
24,4,4.730031201972935
23,4,4.426496895095271
22,4,4.127287548351841
21,4,3.832948044499252
20,4,3.544055052763886
19,4,3.261217582975993
18,4,2.9850775397037825
17,4,2.716310276387457
16,4,2.455625149473331
15,4,2.2037660725478574
14,4,1.9615120704717333
13,4,1.729677833513958
12,4,1.5091142714859007
11,4,1.3007090678753928
10,4,1.1053872339807818
9,4,0.9241116630450108
8,4,0.7578836843896832
7,4,0.6077436175491528
6,4,0.4747713264045798
5,4,0.3600867733180068
4,4,0.2648505732664379
3,4,0.1902645479758992
2,4,0.1375722800555268
1,4,0.1080596671316254
92,5,32.38251559351107
91,5,31.694821973924604
90,5,31.02762407332611
89,5,30.38033993061177
88,5,29.752384396658982
87,5,29.1431696884608
86,5,28.552105943259647
85,5,27.978601772681845
84,5,27.422064816871128
83,5,26.88190229862326
82,5,26.357521577519776
81,5,25.848330704061997
80,5,25.35373897380552
79,5,24.87315748149381
78,5,24.405999675192543
77,5,23.95168191042356
76,5,23.509624004299027
75,5,23.07924978965552
74,5,22.659987669187984
73,5,22.25127116958396
72,5,21.852539495657386
71,5,21.46323808448304
70,5,21.08281915953032
69,5,20.710742284797504
68,5,20.346474918945617
67,5,19.98949296943269
66,5,19.63928134664785
65,5,19.295334518045134
64,5,18.95715706227793
63,5,18.624264223332677
62,5,18.29618246466329
61,5,17.97245002332484
60,5,17.652617464108147
59,5,17.33624823367326
58,5,17.02291921468398
57,5,16.712221279941744
56,5,16.40375984651972
55,5,16.097155429896915
54,5,15.79204419809214
53,5,15.488078525798258
52,5,15.184927548516088
51,5,14.882277716688591
50,5,14.579833349834884
49,5,14.277317190684345
48,5,13.974470959310665
47,5,13.67105590726591
46,5,13.36685337171457
45,5,13.06166532956776
44,5,12.755314951617194
43,5,12.447647156669165
42,5,12.138529165678833
41,5,11.82785105588411
40,5,11.515526314939848
39,5,11.201492395051815
38,5,10.8857112671109
37,5,10.56816997482705
36,5,10.248881188863416
35,5,9.92788376097038
34,5,9.605243278119715
33,5,9.28105261663856
32,5,8.955432496343533
31,5,8.628532034674812
30,5,8.300529300830163
29,5,7.971631869899106
28,5,7.642077376996873
27,5,7.3121340713985745
26,5,6.982101370673199
25,5,6.652310414817748
24,5,6.323124620391265
23,5,5.994940234648915
22,5,5.668186889676093
21,5,5.343328156522428
20,5,5.020862099335936
19,5,4.701321829497019
18,5,4.385276059752581
17,5,4.073329658350101
16,5,3.766124203171689
15,5,3.4643385358681518
14,5,3.16868931599308
13,5,2.8799315751369314
12,5,2.5988592710610856
11,5,2.326305841831907
10,5,2.063144759954844
9,5,1.8102900865084808
8,5,1.568697025278622
7,5,1.3393624768923722
6,5,1.1233255929521668
5,5,0.9216683301698988
4,5,0.735516004500953
3,5,0.5660378452783066
2,5,0.4144475493465771
1,5,0.2820038351961029
79,6,28.19763346650487
78,6,27.54942367563754
77,6,26.923833486782144
76,6,26.319994739693584
75,6,25.73704599647988
74,6,25.174133095735726
73,6,24.63040970667717
72,6,24.105037883275088
71,6,23.597188618389797
70,6,23.106042397904844
69,6,22.63078975486096
68,6,22.170631823590355
67,6,21.724780893851005
66,6,21.29246096496004
65,6,20.872908299928497
64,6,20.46537197959501
63,6,20.06911445675993
62,6,19.683412110319665
61,6,19.307555799400404
60,6,18.940851417492357
59,6,18.58262044658377
58,6,18.23220051129508
57,6,17.888945933012963
56,6,17.552228284024224
55,6,17.22143694165034
54,6,16.895979642380823
53,6,16.57528303600803
52,6,16.25879323976072
51,6,15.945976392438268
50,6,15.636319208545002
49,6,15.32932953242373
48,6,15.02453689239037
47,6,14.72149305486762
46,6,14.419772578519298
45,6,14.11897336838426
44,6,13.818717230010536
43,6,13.518650423589364
42,6,13.218444218089289
41,6,12.917795445390226
40,6,12.61642705441754
39,6,12.31408866527616
38,6,12.0105571233845
37,6,11.705637053608768
36,6,11.3991614143968
35,6,11.09099205191228
34,6,10.781020254168766
33,6,10.469167305163836
32,6,10.155385039012955
31,6,9.839656394083825
30,6,9.521995967130287
29,6,9.202450567426276
28,6,8.881099770900263
27,6,8.558056474269009
26,6,8.233467449171705
25,6,7.907513896304103
24,6,7.580411999552595
23,6,7.252413480128168
22,6,6.923806150700649
21,6,6.59491446953264
20,6,6.266100094613606
19,6,5.937762437794078
18,6,5.61033921891957
17,6,5.284307019964658
16,6,4.96018183916717
15,6,4.638519645162177
14,6,4.31991693111609
13,6,4.005011268860688
12,6,3.694481863027253
11,6,3.389050105180597
10,6,3.089480127953174
9,6,2.796579359179116
8,6,2.511199076028305
7,6,2.2342349591404838
6,6,1.9666276467592996
5,6,1.709363288866374
4,6,1.4634741013153842
3,6,1.2300389199661377
2,6,1.010183754818634
1,6,0.8050823441471628
69,7,25.77634568621696
68,7,25.1022654550674
67,7,24.45381483644365
66,7,23.829899117511133
65,7,23.22943855575741
64,7,22.651368933126463
63,7,22.094642110152563
62,7,21.558226580094384
61,7,21.04110802306909
60,7,20.54228986018626
59,7,20.06079380768216
58,7,19.595660431053773
57,7,19.145949699192958
56,7,18.710741538520185
55,7,18.28913638711893
54,7,17.8802557488697
53,7,17.483242747584057
52,7,17.097262681138602
51,7,16.72150357560909
50,7,16.355176739404726
49,7,15.997517317402014
48,7,15.647784845078718
47,7,15.305263802648229
46,7,14.969264169193508
45,7,14.63912197680105
44,7,14.314199864695151
43,7,13.99388763337177
42,7,13.677602798732892
41,7,13.364791146220284
40,7,13.05492728494974
39,7,12.74751520184509
38,7,12.44208881577248
37,7,12.138212531673958
36,7,11.835481794702076
35,7,11.533523644353735
34,7,11.23199726860426
33,7,10.930594558041376
32,7,10.62904065999946
31,7,10.327094532693536
30,7,10.02454949935334
29,7,9.721233802357446
28,7,9.417011157367142
27,7,9.111781307460802
26,7,8.8054805772678
25,7,8.498082427102503
24,7,8.18959800709851
23,7,7.880076711342625
22,7,7.569606732008921
21,7,7.258315613492883
20,7,6.9463708065453895
19,7,6.633980222406918
18,7,6.321392786941459
17,7,6.008898994770689
16,7,5.696831463408024
15,7,5.385565487392711
14,7,5.075519592423788
13,7,4.767156089494343
12,7,4.460981629025447
11,7,4.157547755000252
10,7,3.857451459098087
9,7,3.5613357348285604
8,7,3.2698901316655267
7,7,2.983851309181283
6,7,2.704003591180559
5,7,2.431179519834608
4,7,2.166260409815301
3,7,1.9101769024291857
2,7,1.663909519751549
1,7,1.4284892187604754
55,8,19.54427369871061
54,8,18.95002897767344
53,8,18.379096556953613
52,8,17.830303113995427
51,8,17.30250076107106
50,8,16.794567599414307
49,8,16.305408273355198
48,8,15.83395452445356
47,8,15.379165745633117
46,8,14.9400295353158
45,8,14.515562251555934
44,8,14.104809566173714
43,8,13.706847018890016
42,8,13.320780571459863
41,8,12.945747161806878
40,8,12.580915258157203
39,8,12.225485413173544
38,8,11.878690818089382
37,8,11.539797856842824
36,8,11.20810666021103
35,8,10.8829516599439
34,8,10.56370214289825
33,8,10.249762805172196
32,8,9.940574306238744
31,8,9.63561382308015
30,8,9.334395604321998
29,8,9.036471524367244
28,8,8.74143163753007
27,8,8.448904732170405
26,8,8.1585588848275
25,8,7.87010201435433
24,8,7.583282436051661
23,8,7.297889415801876
22,8,7.013753724203312
21,8,6.730748190704162
20,8,6.448788257736709
19,8,6.167832534851215
18,8,5.887883352850054
17,8,5.608987317921874
16,8,5.331235865775653
15,8,5.054765815774559
14,8,4.779759925070337
13,8,4.506447442737212
12,8,4.235104663905901
11,8,3.966055483897847
10,8,3.699671952359168
9,8,3.4363748273947574
8,8,3.1766341297024496
7,8,2.9209696967068908
6,8,2.669951736693889
5,8,2.424201382944148
4,8,2.18439124786768
3,8,1.9512459771376456
2,8,1.7255428038245526
1,8,1.5081121025301911
42,9,11.658599184129372
41,9,11.13732276191061
40,9,10.637933774307813
39,9,10.159271538642344
38,9,9.700210717435
37,9,9.259661872539963
36,9,8.836572019278634
35,9,8.429925180573917
34,9,8.03874294108411
33,9,7.662085001337488
32,9,7.299049731865722
31,9,6.948774727338133
30,9,6.610437360696068
29,9,6.283255337286676
28,9,5.966487248997112
27,9,5.659433128388429
26,9,5.361435002830035
25,9,5.071877448633302
24,9,4.790188145185908
23,9,4.515838429085875
22,9,4.248343848275624
21,9,3.9872647161760426
20,9,3.7322066658205415
19,9,3.482821203989204
18,9,3.238806265342617
17,9,2.9999067665564496
16,9,2.765915160454909
15,9,2.536671990145237
14,9,2.3120664431515934
13,9,2.092036905549264
12,9,1.876571516098494
11,9,1.665708720379058
10,9,1.4595378249235864
9,9,1.258199551352334
8,9,1.0618865905068446
7,9,0.8708441565841838
6,9,0.6853705412709132
5,9,0.5058176678773236
4,9,0.3325916454712967
3,9,0.166153323012594
2,9,0.0070188434868043
1,9,0.0
